t,yaw_ned,frame,body_surge,body_sway,body_yaw,force_x_enu,force_y_enu,force_z_enu,torque_x_enu,torque_y_enu,torque_z_enu,topic
0.00000000000,0.00000000000,world_enu_republished_from_body_ned,60.0000000000,0.00000000000,0.00000000000,0.00000000000,60.0000000000,0.00000000000,0.00000000000,0.00000000000,0.00000000000,/world/bcod_parity_constant-thrust/wrench
0.0500000000000,-5.09414732619e-12,world_enu_republished_from_body_ned,60.0000000000,0.00000000000,0.00000000000,-3.05648839571e-10,60.0000000000,0.00000000000,0.00000000000,0.00000000000,0.00000000000,/world/bcod_parity_constant-thrust/wrench
0.100000000000,-5.10058661973e-12,world_enu_republished_from_body_ned,60.0000000000,0.00000000000,0.00000000000,-3.06035197184e-10,60.0000000000,0.00000000000,0.00000000000,0.00000000000,0.00000000000,/world/bcod_parity_constant-thrust/wrench
0.150000000000,-5.10658182407e-12,world_enu_republished_from_body_ned,60.0000000000,0.00000000000,0.00000000000,-3.06394909444e-10,60.0000000000,0.00000000000,0.00000000000,0.00000000000,0.00000000000,/world/bcod_parity_constant-thrust/wrench
0.200000000000,-5.10658182407e-12,world_enu_republished_from_body_ned,60.0000000000,0.00000000000,0.00000000000,-3.06394909444e-10,60.0000000000,0.00000000000,0.00000000000,0.00000000000,0.00000000000,/world/bcod_parity_constant-thrust/wrench
0.250000000000,-5.10658182407e-12,world_enu_republished_from_body_ned,60.0000000000,0.00000000000,0.00000000000,-3.06394909444e-10,60.0000000000,0.00000000000,0.00000000000,0.00000000000,0.00000000000,/world/bcod_parity_constant-thrust/wrench
0.300000000000,-5.11568565287e-12,world_enu_republished_from_body_ned,60.0000000000,0.00000000000,0.00000000000,-3.06941139172e-10,60.0000000000,0.00000000000,0.00000000000,0.00000000000,0.00000000000,/world/bcod_parity_constant-thrust/wrench
0.350000000000,-5.11657383129e-12,world_enu_republished_from_body_ned,60.0000000000,0.00000000000,0.00000000000,-3.06994429877e-10,60.0000000000,0.00000000000,0.00000000000,0.00000000000,0.00000000000,/world/bcod_parity_constant-thrust/wrench
0.400000000000,-5.11701792050e-12,world_enu_republished_from_body_ned,60.0000000000,0.00000000000,0.00000000000,-3.07021075230e-10,60.0000000000,0.00000000000,0.00000000000,0.00000000000,0.00000000000,/world/bcod_parity_constant-thrust/wrench
0.450000000000,-5.11635178668e-12,world_enu_republished_from_body_ned,60.0000000000,0.00000000000,0.00000000000,-3.06981107201e-10,60.0000000000,0.00000000000,0.00000000000,0.00000000000,0.00000000000,/world/bcod_parity_constant-thrust/wrench
0.500000000000,-5.11479747445e-12,world_enu_republished_from_body_ned,60.0000000000,0.00000000000,0.00000000000,-3.06887848467e-10,60.0000000000,0.00000000000,0.00000000000,0.00000000000,0.00000000000,/world/bcod_parity_constant-thrust/wrench
0.550000000000,-5.11479747445e-12,world_enu_republished_from_body_ned,60.0000000000,0.00000000000,0.00000000000,-3.06887848467e-10,60.0000000000,0.00000000000,0.00000000000,0.00000000000,0.00000000000,/world/bcod_parity_constant-thrust/wrench
0.600000000000,-5.11479747445e-12,world_enu_republished_from_body_ned,60.0000000000,0.00000000000,0.00000000000,-3.06887848467e-10,60.0000000000,0.00000000000,0.00000000000,0.00000000000,0.00000000000,/world/bcod_parity_constant-thrust/wrench
0.650000000000,-5.10635977946e-12,world_enu_republished_from_body_ned,60.0000000000,0.00000000000,0.00000000000,-3.06381586768e-10,60.0000000000,0.00000000000,0.00000000000,0.00000000000,0.00000000000,/world/bcod_parity_constant-thrust/wrench
0.700000000000,-5.10280706578e-12,world_enu_republished_from_body_ned,60.0000000000,0.00000000000,0.00000000000,-3.06168423947e-10,60.0000000000,0.00000000000,0.00000000000,0.00000000000,0.00000000000,/world/bcod_parity_constant-thrust/wrench
0.750000000000,-5.09814412908e-12,world_enu_republished_from_body_ned,60.0000000000,0.00000000000,0.00000000000,-3.05888647745e-10,60.0000000000,0.00000000000,0.00000000000,0.00000000000,0.00000000000,/world/bcod_parity_constant-thrust/wrench
0.800000000000,-5.09370323698e-12,world_enu_republished_from_body_ned,60.0000000000,0.00000000000,0.00000000000,-3.05622194219e-10,60.0000000000,0.00000000000,0.00000000000,0.00000000000,0.00000000000,/world/bcod_parity_constant-thrust/wrench
0.850000000000,-5.08837416646e-12,world_enu_republished_from_body_ned,60.0000000000,0.00000000000,0.00000000000,-3.05302449988e-10,60.0000000000,0.00000000000,0.00000000000,0.00000000000,0.00000000000,/world/bcod_parity_constant-thrust/wrench
0.900000000000,-5.08282305134e-12,world_enu_republished_from_body_ned,60.0000000000,0.00000000000,0.00000000000,-3.04969383080e-10,60.0000000000,0.00000000000,0.00000000000,0.00000000000,0.00000000000,/world/bcod_parity_constant-thrust/wrench
0.950000000000,-5.07704989161e-12,world_enu_republished_from_body_ned,60.0000000000,0.00000000000,0.00000000000,-3.04622993497e-10,60.0000000000,0.00000000000,0.00000000000,0.00000000000,0.00000000000,/world/bcod_parity_constant-thrust/wrench
1.00000000000,-5.07083264267e-12,world_enu_republished_from_body_ned,60.0000000000,0.00000000000,0.00000000000,-3.04249958560e-10,60.0000000000,0.00000000000,0.00000000000,0.00000000000,0.00000000000,/world/bcod_parity_constant-thrust/wrench
1.05000000000,-5.06417130453e-12,world_enu_republished_from_body_ned,60.0000000000,0.00000000000,0.00000000000,-3.03850278272e-10,60.0000000000,0.00000000000,0.00000000000,0.00000000000,0.00000000000,/world/bcod_parity_constant-thrust/wrench
1.10000000000,-5.05773201098e-12,world_enu_republished_from_body_ned,60.0000000000,0.00000000000,0.00000000000,-3.03463920659e-10,60.0000000000,0.00000000000,0.00000000000,0.00000000000,0.00000000000,/world/bcod_parity_constant-thrust/wrench
1.15000000000,-5.05062658362e-12,world_enu_republished_from_body_ned,60.0000000000,0.00000000000,0.00000000000,-3.03037595017e-10,60.0000000000,0.00000000000,0.00000000000,0.00000000000,0.00000000000,/world/bcod_parity_constant-thrust/wrench
1.20000000000,-5.04307706706e-12,world_enu_republished_from_body_ned,60.0000000000,0.00000000000,0.00000000000,-3.02584624023e-10,60.0000000000,0.00000000000,0.00000000000,0.00000000000,0.00000000000,/world/bcod_parity_constant-thrust/wrench
1.25000000000,-5.03597163970e-12,world_enu_republished_from_body_ned,60.0000000000,0.00000000000,0.00000000000,-3.02158298382e-10,60.0000000000,0.00000000000,0.00000000000,0.00000000000,0.00000000000,/world/bcod_parity_constant-thrust/wrench
1.30000000000,-5.02842212313e-12,world_enu_republished_from_body_ned,60.0000000000,0.00000000000,0.00000000000,-3.01705327388e-10,60.0000000000,0.00000000000,0.00000000000,0.00000000000,0.00000000000,/world/bcod_parity_constant-thrust/wrench
1.35000000000,-5.02065056196e-12,world_enu_republished_from_body_ned,60.0000000000,0.00000000000,0.00000000000,-3.01239033718e-10,60.0000000000,0.00000000000,0.00000000000,0.00000000000,0.00000000000,/world/bcod_parity_constant-thrust/wrench
1.40000000000,-5.01265695618e-12,world_enu_republished_from_body_ned,60.0000000000,0.00000000000,0.00000000000,-3.00759417371e-10,60.0000000000,0.00000000000,0.00000000000,0.00000000000,0.00000000000,/world/bcod_parity_constant-thrust/wrench
1.45000000000,-5.00466335041e-12,world_enu_republished_from_body_ned,60.0000000000,0.00000000000,0.00000000000,-3.00279801024e-10,60.0000000000,0.00000000000,0.00000000000,0.00000000000,0.00000000000,/world/bcod_parity_constant-thrust/wrench
1.50000000000,-4.99600361081e-12,world_enu_republished_from_body_ned,60.0000000000,0.00000000000,0.00000000000,-2.99760216649e-10,60.0000000000,0.00000000000,0.00000000000,0.00000000000,0.00000000000,/world/bcod_parity_constant-thrust/wrench
1.55000000000,-4.98756591583e-12,world_enu_republished_from_body_ned,60.0000000000,0.00000000000,0.00000000000,-2.99253954950e-10,60.0000000000,0.00000000000,0.00000000000,0.00000000000,0.00000000000,/world/bcod_parity_constant-thrust/wrench
1.60000000000,-4.97890617623e-12,world_enu_republished_from_body_ned,60.0000000000,0.00000000000,0.00000000000,-2.98734370574e-10,60.0000000000,0.00000000000,0.00000000000,0.00000000000,0.00000000000,/world/bcod_parity_constant-thrust/wrench
1.65000000000,-4.97024643664e-12,world_enu_republished_from_body_ned,60.0000000000,0.00000000000,0.00000000000,-2.98214786199e-10,60.0000000000,0.00000000000,0.00000000000,0.00000000000,0.00000000000,/world/bcod_parity_constant-thrust/wrench
1.70000000000,-4.96114260784e-12,world_enu_republished_from_body_ned,60.0000000000,0.00000000000,0.00000000000,-2.97668556470e-10,60.0000000000,0.00000000000,0.00000000000,0.00000000000,0.00000000000,/world/bcod_parity_constant-thrust/wrench
1.75000000000,-4.95203877904e-12,world_enu_republished_from_body_ned,60.0000000000,0.00000000000,0.00000000000,-2.97122326742e-10,60.0000000000,0.00000000000,0.00000000000,0.00000000000,0.00000000000,/world/bcod_parity_constant-thrust/wrench
1.80000000000,-4.94249086103e-12,world_enu_republished_from_body_ned,60.0000000000,0.00000000000,0.00000000000,-2.96549451662e-10,60.0000000000,0.00000000000,0.00000000000,0.00000000000,0.00000000000,/world/bcod_parity_constant-thrust/wrench
1.85000000000,-4.93316498762e-12,world_enu_republished_from_body_ned,60.0000000000,0.00000000000,0.00000000000,-2.95989899257e-10,60.0000000000,0.00000000000,0.00000000000,0.00000000000,0.00000000000,/world/bcod_parity_constant-thrust/wrench
1.90000000000,-4.92361706961e-12,world_enu_republished_from_body_ned,60.0000000000,0.00000000000,0.00000000000,-2.95417024176e-10,60.0000000000,0.00000000000,0.00000000000,0.00000000000,0.00000000000,/world/bcod_parity_constant-thrust/wrench
1.95000000000,-4.91384710699e-12,world_enu_republished_from_body_ned,60.0000000000,0.00000000000,0.00000000000,-2.94830826419e-10,60.0000000000,0.00000000000,0.00000000000,0.00000000000,0.00000000000,/world/bcod_parity_constant-thrust/wrench
2.00000000000,-4.90385509977e-12,world_enu_republished_from_body_ned,60.0000000000,0.00000000000,0.00000000000,-2.94231305986e-10,60.0000000000,0.00000000000,0.00000000000,0.00000000000,0.00000000000,/world/bcod_parity_constant-thrust/wrench
2.05000000000,-4.89364104794e-12,world_enu_republished_from_body_ned,60.0000000000,0.00000000000,0.00000000000,-2.93618462877e-10,60.0000000000,0.00000000000,0.00000000000,0.00000000000,0.00000000000,/world/bcod_parity_constant-thrust/wrench
2.10000000000,-4.88342699612e-12,world_enu_republished_from_body_ned,60.0000000000,0.00000000000,0.00000000000,-2.93005619767e-10,60.0000000000,0.00000000000,0.00000000000,0.00000000000,0.00000000000,/world/bcod_parity_constant-thrust/wrench
2.15000000000,-4.87299089968e-12,world_enu_republished_from_body_ned,60.0000000000,0.00000000000,0.00000000000,-2.92379453981e-10,60.0000000000,0.00000000000,0.00000000000,0.00000000000,0.00000000000,/world/bcod_parity_constant-thrust/wrench
2.20000000000,-4.86233275865e-12,world_enu_republished_from_body_ned,60.0000000000,0.00000000000,0.00000000000,-2.91739965519e-10,60.0000000000,0.00000000000,0.00000000000,0.00000000000,0.00000000000,/world/bcod_parity_constant-thrust/wrench
2.25000000000,-4.85123052840e-12,world_enu_republished_from_body_ned,60.0000000000,0.00000000000,0.00000000000,-2.91073831704e-10,60.0000000000,0.00000000000,0.00000000000,0.00000000000,0.00000000000,/world/bcod_parity_constant-thrust/wrench
2.30000000000,-4.84035034276e-12,world_enu_republished_from_body_ned,60.0000000000,0.00000000000,0.00000000000,-2.90421020566e-10,60.0000000000,0.00000000000,0.00000000000,0.00000000000,0.00000000000,/world/bcod_parity_constant-thrust/wrench
2.35000000000,-4.82924811251e-12,world_enu_republished_from_body_ned,60.0000000000,0.00000000000,0.00000000000,-2.89754886751e-10,60.0000000000,0.00000000000,0.00000000000,0.00000000000,0.00000000000,/world/bcod_parity_constant-thrust/wrench
2.40000000000,-4.81792383766e-12,world_enu_republished_from_body_ned,60.0000000000,0.00000000000,0.00000000000,-2.89075430260e-10,60.0000000000,0.00000000000,0.00000000000,0.00000000000,0.00000000000,/world/bcod_parity_constant-thrust/wrench
2.45000000000,-4.80637751821e-12,world_enu_republished_from_body_ned,60.0000000000,0.00000000000,0.00000000000,-2.88382651092e-10,60.0000000000,0.00000000000,0.00000000000,0.00000000000,0.00000000000,/world/bcod_parity_constant-thrust/wrench
2.50000000000,-4.79483119875e-12,world_enu_republished_from_body_ned,60.0000000000,0.00000000000,0.00000000000,-2.87689871925e-10,60.0000000000,0.00000000000,0.00000000000,0.00000000000,0.00000000000,/world/bcod_parity_constant-thrust/wrench
2.55000000000,-4.78328487930e-12,world_enu_republished_from_body_ned,60.0000000000,0.00000000000,0.00000000000,-2.86997092758e-10,60.0000000000,0.00000000000,0.00000000000,0.00000000000,0.00000000000,/world/bcod_parity_constant-thrust/wrench
2.60000000000,-4.77129447063e-12,world_enu_republished_from_body_ned,60.0000000000,0.00000000000,0.00000000000,-2.86277668238e-10,60.0000000000,0.00000000000,0.00000000000,0.00000000000,0.00000000000,/world/bcod_parity_constant-thrust/wrench
2.65000000000,-4.75930406196e-12,world_enu_republished_from_body_ned,60.0000000000,0.00000000000,0.00000000000,-2.85558243718e-10,60.0000000000,0.00000000000,0.00000000000,0.00000000000,0.00000000000,/world/bcod_parity_constant-thrust/wrench
2.70000000000,-4.74709160869e-12,world_enu_republished_from_body_ned,60.0000000000,0.00000000000,0.00000000000,-2.84825496522e-10,60.0000000000,0.00000000000,0.00000000000,0.00000000000,0.00000000000,/world/bcod_parity_constant-thrust/wrench
2.75000000000,-4.73443506621e-12,world_enu_republished_from_body_ned,60.0000000000,0.00000000000,0.00000000000,-2.84066103973e-10,60.0000000000,0.00000000000,0.00000000000,0.00000000000,0.00000000000,/world/bcod_parity_constant-thrust/wrench
2.80000000000,-4.72200056834e-12,world_enu_republished_from_body_ned,60.0000000000,0.00000000000,0.00000000000,-2.83320034100e-10,60.0000000000,0.00000000000,0.00000000000,0.00000000000,0.00000000000,/world/bcod_parity_constant-thrust/wrench
2.85000000000,-4.70934402585e-12,world_enu_republished_from_body_ned,60.0000000000,0.00000000000,0.00000000000,-2.82560641551e-10,60.0000000000,0.00000000000,0.00000000000,0.00000000000,0.00000000000,/world/bcod_parity_constant-thrust/wrench
2.90000000000,-4.69624339416e-12,world_enu_republished_from_body_ned,60.0000000000,0.00000000000,0.00000000000,-2.81774603650e-10,60.0000000000,0.00000000000,0.00000000000,0.00000000000,0.00000000000,/world/bcod_parity_constant-thrust/wrench
2.95000000000,-4.68292071787e-12,world_enu_republished_from_body_ned,60.0000000000,0.00000000000,0.00000000000,-2.80975243072e-10,60.0000000000,0.00000000000,0.00000000000,0.00000000000,0.00000000000,/world/bcod_parity_constant-thrust/wrench
3.00000000000,-4.66982008618e-12,world_enu_republished_from_body_ned,60.0000000000,0.00000000000,0.00000000000,-2.80189205171e-10,60.0000000000,0.00000000000,0.00000000000,0.00000000000,0.00000000000,/world/bcod_parity_constant-thrust/wrench
3.05000000000,-4.65627536528e-12,world_enu_republished_from_body_ned,60.0000000000,0.00000000000,0.00000000000,-2.79376521917e-10,60.0000000000,0.00000000000,0.00000000000,0.00000000000,0.00000000000,/world/bcod_parity_constant-thrust/wrench
3.10000000000,-4.64273064438e-12,world_enu_republished_from_body_ned,60.0000000000,0.00000000000,0.00000000000,-2.78563838663e-10,60.0000000000,0.00000000000,0.00000000000,0.00000000000,0.00000000000,/world/bcod_parity_constant-thrust/wrench
3.15000000000,-4.62940796808e-12,world_enu_republished_from_body_ned,60.0000000000,0.00000000000,0.00000000000,-2.77764478085e-10,60.0000000000,0.00000000000,0.00000000000,0.00000000000,0.00000000000,/world/bcod_parity_constant-thrust/wrench
3.20000000000,-4.61519711337e-12,world_enu_republished_from_body_ned,60.0000000000,0.00000000000,0.00000000000,-2.76911826802e-10,60.0000000000,0.00000000000,0.00000000000,0.00000000000,0.00000000000,/world/bcod_parity_constant-thrust/wrench
3.25000000000,-4.60143034786e-12,world_enu_republished_from_body_ned,60.0000000000,0.00000000000,0.00000000000,-2.76085820872e-10,60.0000000000,0.00000000000,0.00000000000,0.00000000000,0.00000000000,/world/bcod_parity_constant-thrust/wrench
3.30000000000,-4.58744153775e-12,world_enu_republished_from_body_ned,60.0000000000,0.00000000000,0.00000000000,-2.75246492265e-10,60.0000000000,0.00000000000,0.00000000000,0.00000000000,0.00000000000,/world/bcod_parity_constant-thrust/wrench
3.35000000000,-4.57300863843e-12,world_enu_republished_from_body_ned,60.0000000000,0.00000000000,0.00000000000,-2.74380518306e-10,60.0000000000,0.00000000000,0.00000000000,0.00000000000,0.00000000000,/world/bcod_parity_constant-thrust/wrench
3.40000000000,-4.55857573911e-12,world_enu_republished_from_body_ned,60.0000000000,0.00000000000,0.00000000000,-2.73514544347e-10,60.0000000000,0.00000000000,0.00000000000,0.00000000000,0.00000000000,/world/bcod_parity_constant-thrust/wrench
3.45000000000,-4.54392079519e-12,world_enu_republished_from_body_ned,60.0000000000,0.00000000000,0.00000000000,-2.72635247711e-10,60.0000000000,0.00000000000,0.00000000000,0.00000000000,0.00000000000,/world/bcod_parity_constant-thrust/wrench
3.50000000000,-4.52904380666e-12,world_enu_republished_from_body_ned,60.0000000000,0.00000000000,0.00000000000,-2.71742628399e-10,60.0000000000,0.00000000000,0.00000000000,0.00000000000,0.00000000000,/world/bcod_parity_constant-thrust/wrench
3.55000000000,-4.51416681813e-12,world_enu_republished_from_body_ned,60.0000000000,0.00000000000,0.00000000000,-2.70850009088e-10,60.0000000000,0.00000000000,0.00000000000,0.00000000000,0.00000000000,/world/bcod_parity_constant-thrust/wrench
3.60000000000,-4.49906778499e-12,world_enu_republished_from_body_ned,60.0000000000,0.00000000000,0.00000000000,-2.69944067099e-10,60.0000000000,0.00000000000,0.00000000000,0.00000000000,0.00000000000,/world/bcod_parity_constant-thrust/wrench
3.65000000000,-4.48352466265e-12,world_enu_republished_from_body_ned,60.0000000000,0.00000000000,0.00000000000,-2.69011479759e-10,60.0000000000,0.00000000000,0.00000000000,0.00000000000,0.00000000000,/world/bcod_parity_constant-thrust/wrench
3.70000000000,-4.46753745109e-12,world_enu_republished_from_body_ned,60.0000000000,0.00000000000,0.00000000000,-2.68052247065e-10,60.0000000000,0.00000000000,0.00000000000,0.00000000000,0.00000000000,/world/bcod_parity_constant-thrust/wrench
3.75000000000,-4.45199432875e-12,world_enu_republished_from_body_ned,60.0000000000,0.00000000000,0.00000000000,-2.67119659725e-10,60.0000000000,0.00000000000,0.00000000000,0.00000000000,0.00000000000,/world/bcod_parity_constant-thrust/wrench
3.80000000000,-4.43578507259e-12,world_enu_republished_from_body_ned,60.0000000000,0.00000000000,0.00000000000,-2.66147104355e-10,60.0000000000,0.00000000000,0.00000000000,0.00000000000,0.00000000000,/world/bcod_parity_constant-thrust/wrench
3.85000000000,-4.41957581643e-12,world_enu_republished_from_body_ned,60.0000000000,0.00000000000,0.00000000000,-2.65174548986e-10,60.0000000000,0.00000000000,0.00000000000,0.00000000000,0.00000000000,/world/bcod_parity_constant-thrust/wrench
3.90000000000,-4.40292247106e-12,world_enu_republished_from_body_ned,60.0000000000,0.00000000000,0.00000000000,-2.64175348264e-10,60.0000000000,0.00000000000,0.00000000000,0.00000000000,0.00000000000,/world/bcod_parity_constant-thrust/wrench
3.95000000000,-4.38604708108e-12,world_enu_republished_from_body_ned,60.0000000000,0.00000000000,0.00000000000,-2.63162824865e-10,60.0000000000,0.00000000000,0.00000000000,0.00000000000,0.00000000000,/world/bcod_parity_constant-thrust/wrench
4.00000000000,-4.36894964650e-12,world_enu_republished_from_body_ned,60.0000000000,0.00000000000,0.00000000000,-2.62136978790e-10,60.0000000000,0.00000000000,0.00000000000,0.00000000000,0.00000000000,/world/bcod_parity_constant-thrust/wrench
4.05000000000,-4.35140812272e-12,world_enu_republished_from_body_ned,60.0000000000,0.00000000000,0.00000000000,-2.61084487363e-10,60.0000000000,0.00000000000,0.00000000000,0.00000000000,0.00000000000,/world/bcod_parity_constant-thrust/wrench
4.10000000000,-4.33408864353e-12,world_enu_republished_from_body_ned,60.0000000000,0.00000000000,0.00000000000,-2.60045318612e-10,60.0000000000,0.00000000000,0.00000000000,0.00000000000,0.00000000000,/world/bcod_parity_constant-thrust/wrench
4.15000000000,-4.31588098593e-12,world_enu_republished_from_body_ned,60.0000000000,0.00000000000,0.00000000000,-2.58952859156e-10,60.0000000000,0.00000000000,0.00000000000,0.00000000000,0.00000000000,/world/bcod_parity_constant-thrust/wrench
4.20000000000,-4.29767332832e-12,world_enu_republished_from_body_ned,60.0000000000,0.00000000000,0.00000000000,-2.57860399699e-10,60.0000000000,0.00000000000,0.00000000000,0.00000000000,0.00000000000,/world/bcod_parity_constant-thrust/wrench
4.25000000000,-4.27879953691e-12,world_enu_republished_from_body_ned,60.0000000000,0.00000000000,0.00000000000,-2.56727972214e-10,60.0000000000,0.00000000000,0.00000000000,0.00000000000,0.00000000000,/world/bcod_parity_constant-thrust/wrench
4.30000000000,-4.25992574549e-12,world_enu_republished_from_body_ned,60.0000000000,0.00000000000,0.00000000000,-2.55595544729e-10,60.0000000000,0.00000000000,0.00000000000,0.00000000000,0.00000000000,/world/bcod_parity_constant-thrust/wrench
4.35000000000,-4.24082990946e-12,world_enu_republished_from_body_ned,60.0000000000,0.00000000000,0.00000000000,-2.54449794568e-10,60.0000000000,0.00000000000,0.00000000000,0.00000000000,0.00000000000,/world/bcod_parity_constant-thrust/wrench
4.40000000000,-4.22128998423e-12,world_enu_republished_from_body_ned,60.0000000000,0.00000000000,0.00000000000,-2.53277399054e-10,60.0000000000,0.00000000000,0.00000000000,0.00000000000,0.00000000000,/world/bcod_parity_constant-thrust/wrench
4.45000000000,-4.20152801439e-12,world_enu_republished_from_body_ned,60.0000000000,0.00000000000,0.00000000000,-2.52091680863e-10,60.0000000000,0.00000000000,0.00000000000,0.00000000000,0.00000000000,/world/bcod_parity_constant-thrust/wrench
4.50000000000,-4.18154399995e-12,world_enu_republished_from_body_ned,60.0000000000,0.00000000000,0.00000000000,-2.50892639997e-10,60.0000000000,0.00000000000,0.00000000000,0.00000000000,0.00000000000,/world/bcod_parity_constant-thrust/wrench
4.55000000000,-4.16111589630e-12,world_enu_republished_from_body_ned,60.0000000000,0.00000000000,0.00000000000,-2.49666953778e-10,60.0000000000,0.00000000000,0.00000000000,0.00000000000,0.00000000000,/world/bcod_parity_constant-thrust/wrench
4.60000000000,-4.14046574804e-12,world_enu_republished_from_body_ned,60.0000000000,0.00000000000,0.00000000000,-2.48427944882e-10,60.0000000000,0.00000000000,0.00000000000,0.00000000000,0.00000000000,/world/bcod_parity_constant-thrust/wrench
4.65000000000,-4.11937151057e-12,world_enu_republished_from_body_ned,60.0000000000,0.00000000000,0.00000000000,-2.47162290634e-10,60.0000000000,0.00000000000,0.00000000000,0.00000000000,0.00000000000,/world/bcod_parity_constant-thrust/wrench
4.70000000000,-4.09761113929e-12,world_enu_republished_from_body_ned,60.0000000000,0.00000000000,0.00000000000,-2.45856668357e-10,60.0000000000,0.00000000000,0.00000000000,0.00000000000,0.00000000000,/world/bcod_parity_constant-thrust/wrench
4.75000000000,-4.07607281261e-12,world_enu_republished_from_body_ned,60.0000000000,0.00000000000,0.00000000000,-2.44564368757e-10,60.0000000000,0.00000000000,0.00000000000,0.00000000000,0.00000000000,/world/bcod_parity_constant-thrust/wrench
4.80000000000,-4.05364630751e-12,world_enu_republished_from_body_ned,60.0000000000,0.00000000000,0.00000000000,-2.43218778451e-10,60.0000000000,0.00000000000,0.00000000000,0.00000000000,0.00000000000,/world/bcod_parity_constant-thrust/wrench
4.85000000000,-4.03099775781e-12,world_enu_republished_from_body_ned,60.0000000000,0.00000000000,0.00000000000,-2.41859865469e-10,60.0000000000,0.00000000000,0.00000000000,0.00000000000,0.00000000000,/world/bcod_parity_constant-thrust/wrench
4.90000000000,-4.00812716350e-12,world_enu_republished_from_body_ned,60.0000000000,0.00000000000,0.00000000000,-2.40487629810e-10,60.0000000000,0.00000000000,0.00000000000,0.00000000000,0.00000000000,/world/bcod_parity_constant-thrust/wrench
4.95000000000,-3.98459043538e-12,world_enu_republished_from_body_ned,60.0000000000,0.00000000000,0.00000000000,-2.39075426123e-10,60.0000000000,0.00000000000,0.00000000000,0.00000000000,0.00000000000,/world/bcod_parity_constant-thrust/wrench
5.00000000000,-3.96149779647e-12,world_enu_republished_from_body_ned,60.0000000000,0.00000000000,0.00000000000,-2.37689867788e-10,60.0000000000,0.00000000000,0.00000000000,0.00000000000,0.00000000000,/world/bcod_parity_constant-thrust/wrench
5.05000000000,-3.93729493453e-12,world_enu_republished_from_body_ned,60.0000000000,0.00000000000,0.00000000000,-2.36237696072e-10,60.0000000000,0.00000000000,0.00000000000,0.00000000000,0.00000000000,/world/bcod_parity_constant-thrust/wrench
5.10000000000,-3.91309207259e-12,world_enu_republished_from_body_ned,60.0000000000,0.00000000000,0.00000000000,-2.34785524356e-10,60.0000000000,0.00000000000,0.00000000000,0.00000000000,0.00000000000,/world/bcod_parity_constant-thrust/wrench
5.15000000000,-3.88844512145e-12,world_enu_republished_from_body_ned,60.0000000000,0.00000000000,0.00000000000,-2.33306707287e-10,60.0000000000,0.00000000000,0.00000000000,0.00000000000,0.00000000000,/world/bcod_parity_constant-thrust/wrench
5.20000000000,-3.86379817030e-12,world_enu_republished_from_body_ned,60.0000000000,0.00000000000,0.00000000000,-2.31827890218e-10,60.0000000000,0.00000000000,0.00000000000,0.00000000000,0.00000000000,/world/bcod_parity_constant-thrust/wrench
5.25000000000,-3.83826304073e-12,world_enu_republished_from_body_ned,60.0000000000,0.00000000000,0.00000000000,-2.30295782444e-10,60.0000000000,0.00000000000,0.00000000000,0.00000000000,0.00000000000,/world/bcod_parity_constant-thrust/wrench
5.30000000000,-3.81250586656e-12,world_enu_republished_from_body_ned,60.0000000000,0.00000000000,0.00000000000,-2.28750351994e-10,60.0000000000,0.00000000000,0.00000000000,0.00000000000,0.00000000000,/world/bcod_parity_constant-thrust/wrench
5.35000000000,-3.78652664779e-12,world_enu_republished_from_body_ned,60.0000000000,0.00000000000,0.00000000000,-2.27191598867e-10,60.0000000000,0.00000000000,0.00000000000,0.00000000000,0.00000000000,/world/bcod_parity_constant-thrust/wrench
5.40000000000,-3.76032538441e-12,world_enu_republished_from_body_ned,60.0000000000,0.00000000000,0.00000000000,-2.25619523064e-10,60.0000000000,0.00000000000,0.00000000000,0.00000000000,0.00000000000,/world/bcod_parity_constant-thrust/wrench
5.45000000000,-3.73368003181e-12,world_enu_republished_from_body_ned,60.0000000000,0.00000000000,0.00000000000,-2.24020801909e-10,60.0000000000,0.00000000000,0.00000000000,0.00000000000,0.00000000000,/world/bcod_parity_constant-thrust/wrench
5.50000000000,-3.70703467922e-12,world_enu_republished_from_body_ned,60.0000000000,0.00000000000,0.00000000000,-2.22422080753e-10,60.0000000000,0.00000000000,0.00000000000,0.00000000000,0.00000000000,/world/bcod_parity_constant-thrust/wrench
5.55000000000,-3.67994523742e-12,world_enu_republished_from_body_ned,60.0000000000,0.00000000000,0.00000000000,-2.20796714245e-10,60.0000000000,0.00000000000,0.00000000000,0.00000000000,0.00000000000,/world/bcod_parity_constant-thrust/wrench
5.60000000000,-3.65241170641e-12,world_enu_republished_from_body_ned,60.0000000000,0.00000000000,0.00000000000,-2.19144702385e-10,60.0000000000,0.00000000000,0.00000000000,0.00000000000,0.00000000000,/world/bcod_parity_constant-thrust/wrench
5.65000000000,-3.62465613080e-12,world_enu_republished_from_body_ned,60.0000000000,0.00000000000,0.00000000000,-2.17479367848e-10,60.0000000000,0.00000000000,0.00000000000,0.00000000000,0.00000000000,/world/bcod_parity_constant-thrust/wrench
5.70000000000,-3.59690055518e-12,world_enu_republished_from_body_ned,60.0000000000,0.00000000000,0.00000000000,-2.15814033311e-10,60.0000000000,0.00000000000,0.00000000000,0.00000000000,0.00000000000,/world/bcod_parity_constant-thrust/wrench
5.75000000000,-3.56847884575e-12,world_enu_republished_from_body_ned,60.0000000000,0.00000000000,0.00000000000,-2.14108730745e-10,60.0000000000,0.00000000000,0.00000000000,0.00000000000,0.00000000000,/world/bcod_parity_constant-thrust/wrench
5.80000000000,-3.54005713632e-12,world_enu_republished_from_body_ned,60.0000000000,0.00000000000,0.00000000000,-2.12403428179e-10,60.0000000000,0.00000000000,0.00000000000,0.00000000000,0.00000000000,/world/bcod_parity_constant-thrust/wrench
5.85000000000,-3.51119133768e-12,world_enu_republished_from_body_ned,60.0000000000,0.00000000000,0.00000000000,-2.10671480261e-10,60.0000000000,0.00000000000,0.00000000000,0.00000000000,0.00000000000,/world/bcod_parity_constant-thrust/wrench
5.90000000000,-3.48210349443e-12,world_enu_republished_from_body_ned,60.0000000000,0.00000000000,0.00000000000,-2.08926209666e-10,60.0000000000,0.00000000000,0.00000000000,0.00000000000,0.00000000000,/world/bcod_parity_constant-thrust/wrench
5.95000000000,-3.45301565119e-12,world_enu_republished_from_body_ned,60.0000000000,0.00000000000,0.00000000000,-2.07180939071e-10,60.0000000000,0.00000000000,0.00000000000,0.00000000000,0.00000000000,/world/bcod_parity_constant-thrust/wrench
