t,N,E,yaw,u,v,r
0.00000000000,0.00000000000,0.00000000000,0.00000000000,0.00000000000,0.00000000000,0.00000000000
0.0500000000000,0.00107880991736,2.03936987977e-15,-1.28785870857e-15,0.0215761983471,4.08151846904e-14,-2.57571741713e-14
0.100000000000,0.00699438408415,1.18700981018e-14,-7.63833440942e-15,0.118311483336,1.97518267115e-13,-1.27009514017e-13
0.150000000000,0.0141440521140,1.90348328826e-14,-1.27337069179e-14,0.142993360598,1.45115531162e-13,-1.01907450170e-13
0.200000000000,0.0178857023161,2.13935327278e-14,-1.42297521284e-14,0.0748330040416,4.82388520016e-14,-2.99209042098e-14
0.250000000000,0.0216273525182,2.37522325729e-14,-1.57257973389e-14,0.0748330040416,4.83508055589e-14,-2.99209042098e-14
0.300000000000,0.0532073492194,3.42737878026e-14,-2.17067743091e-14,0.631599934023,2.24141101815e-13,-1.19619539404e-13
0.350000000000,0.0691142962347,3.60552810178e-14,-2.24567839072e-14,0.318138940306,4.27742417380e-14,-1.50001919628e-14
0.400000000000,0.0921272499199,3.66863040551e-14,-2.27482431984e-14,0.460259073705,2.30905460896e-14,-5.82918582503e-15
0.450000000000,0.115473841990,3.59251385868e-14,-2.18935980456e-14,0.466931841401,-5.00049131509e-15,1.70929030567e-14
0.500000000000,0.137406178120,3.42922534746e-14,-2.04748498857e-14,0.438646722591,-2.36764764460e-14,2.83749631978e-14
0.550000000000,0.148025223071,3.30485172336e-14,-1.95983580242e-14,0.212380899033,-2.07124079235e-14,1.75298372309e-14
0.600000000000,0.158644268023,3.18047809926e-14,-1.87218661626e-14,0.212380899033,-2.08985580530e-14,1.75298372309e-14
0.650000000000,0.221171875464,2.15108514498e-14,-1.15019105351e-14,1.25055214883,-1.91494851921e-13,1.44399112550e-13
0.700000000000,0.254932657995,1.52333013707e-14,-7.72715225139e-15,0.675215650620,-1.20333507446e-13,7.54951656745e-14
0.750000000000,0.290671837714,8.00079971123e-15,-3.10862446895e-15,0.714783594370,-1.42428039419e-13,9.23705556488e-14
0.800000000000,0.328505504529,-1.86348139168e-16,1.53165462173e-15,0.756673336307,-1.64901919221e-13,9.28055818136e-14
0.850000000000,0.368731856404,-9.38406118951e-15,6.99440505514e-15,0.804527037501,-1.89581448985e-13,1.09255008668e-13
0.900000000000,0.410375596440,-1.93440512350e-14,1.26202903003e-14,0.832874800707,-2.09710922679e-13,1.12517704904e-13
0.950000000000,0.453361032951,-3.00147096084e-14,1.84539252566e-14,0.859708730217,-2.29278168118e-13,1.16672699125e-13
1.00000000000,0.495029020639,-4.06718252153e-14,2.42861286637e-14,0.833359753760,-2.33381394340e-13,1.16644068142e-13
1.05000000000,0.543853480587,-5.35122534641e-14,3.12090778752e-14,0.976489198969,-2.87283892432e-13,1.38458984231e-13
1.10000000000,0.594205383034,-6.70784778021e-14,3.80550292133e-14,1.00703804894,-3.09647349131e-13,1.36919026762e-13
1.15000000000,0.643396240778,-8.06043843692e-14,4.51270226860e-14,0.983817154879,-3.14914870409e-13,1.41439869455e-13
1.20000000000,0.696580202411,-9.54998605822e-14,5.27808249781e-14,1.06367923268,-3.54051391672e-13,1.53076045841e-13
1.25000000000,0.747686086086,-1.10041160773e-13,5.96855898038e-14,1.02211767349,-3.51831700004e-13,1.38095296515e-13
1.30000000000,0.806669406938,-1.27086269743e-13,6.78585727914e-14,1.17966641704,-4.20952658834e-13,1.63459659751e-13
1.35000000000,0.861972932402,-1.43287478884e-13,7.55343500166e-14,1.10607050928,-4.07570499816e-13,1.53515544503e-13
1.40000000000,0.918972516385,-1.60193032911e-13,8.34088353940e-14,1.13999167966,-4.33196458891e-13,1.57489707550e-13
1.45000000000,0.976955628348,-1.77588996001e-13,9.13733735140e-14,1.15966223926,-4.53881512745e-13,1.59290762399e-13
1.50000000000,1.03336059367,-1.94688141484e-13,9.94003933537e-14,1.12809930644,-4.54116424447e-13,1.60540396794e-13
1.55000000000,1.09855329690,-2.14669489872e-13,1.08313358282e-13,1.30385406469,-5.40851780227e-13,1.78259298575e-13
1.60000000000,1.16248016856,-2.34470690630e-13,1.17045262371e-13,1.27853743312,-5.45670764461e-13,1.74638081774e-13
1.65000000000,1.22960602008,-2.55485389061e-13,1.26130398643e-13,1.34251703034,-5.89626176858e-13,1.81702725428e-13
1.70000000000,1.29569160918,-2.76390264198e-13,1.35237732962e-13,1.32171178196,-5.96842807763e-13,1.82146686387e-13
1.75000000000,1.36020146862,-2.96997293451e-13,1.44057101848e-13,1.29019718883,-5.98002652892e-13,1.76387377728e-13
1.80000000000,1.42951383036,-3.19363369516e-13,1.53667928055e-13,1.38624723480,-6.60343261648e-13,1.92216524143e-13
1.85000000000,1.49903510101,-3.42025696852e-13,1.63013810488e-13,1.39042541300,-6.79905091478e-13,1.86917648652e-13
1.90000000000,1.57296603757,-3.66380660481e-13,1.73020639210e-13,1.47861873132,-7.42930830637e-13,2.00136574443e-13
1.95000000000,1.64331258318,-3.89791151826e-13,1.82606067020e-13,1.40693091210,-7.25123947323e-13,1.91708556186e-13
2.00000000000,1.71485907556,-4.13840374568e-13,1.92420153885e-13,1.43092984774,-7.56324196334e-13,1.96281737302e-13
2.05000000000,1.79050501781,-4.39530833002e-13,2.02818893755e-13,1.51291884490,-8.20657695152e-13,2.07974797412e-13
2.10000000000,1.86387782384,-4.64700953005e-13,2.12807549360e-13,1.46745612070,-8.15688140881e-13,1.99773112099e-13
2.15000000000,1.94348757258,-4.92300580141e-13,2.23729081238e-13,1.59219497461,-9.08212861549e-13,2.18430637562e-13
2.20000000000,2.01186781471,-5.16230838152e-13,2.33202346323e-13,1.36760484276,-7.97533818393e-13,1.89465301685e-13
2.25000000000,2.09383164802,-5.45220180833e-13,2.44768744280e-13,1.63927666608,-9.81030544716e-13,2.31327959152e-13
2.30000000000,2.17623980023,-5.74677217410e-13,2.56101219896e-13,1.64816304434,-1.01123729778e-12,2.26649512308e-13
2.35000000000,2.25362393656,-6.02617155932e-13,2.66826749820e-13,1.54768272647,-9.71761922096e-13,2.14510598499e-13
2.40000000000,2.33739257862,-6.33179739398e-13,2.78532752418e-13,1.67537284125,-1.07789787812e-12,2.34120051950e-13
2.45000000000,2.41389245726,-6.61363023415e-13,2.89275849651e-13,1.52999757279,-1.00625702817e-12,2.14861944661e-13
2.50000000000,2.50284228121,-6.94491640219e-13,3.01625391330e-13,1.77899647901,-1.19916284524e-12,2.46990833583e-13
2.55000000000,2.58535961989,-7.25549579126e-13,3.13042521198e-13,1.65034677364,-1.13778749301e-12,2.28342597356e-13
2.60000000000,2.66514065366,-7.55881641985e-13,3.24315100520e-13,1.59562067535,-1.12412513689e-12,2.25451586446e-13
2.65000000000,2.76190746195,-7.93107433089e-13,3.37896377545e-13,1.93533616577,-1.39845890184e-12,2.71625540488e-13
2.70000000000,2.84097086126,-8.23839868074e-13,3.49122091780e-13,1.58126798619,-1.16670428670e-12,2.24514284715e-13
2.75000000000,2.93047110870,-8.59008103219e-13,3.62043728330e-13,1.79000494875,-1.35142476828e-12,2.58432730997e-13
2.80000000000,3.02277925243,-8.95690057330e-13,3.75108927371e-13,1.84616287469,-1.42615125788e-12,2.61303980817e-13
2.85000000000,3.11279722248,-9.31859106118e-13,3.88020999347e-13,1.80035940102,-1.42195822973e-12,2.58241439514e-13
2.90000000000,3.19300369865,-9.64408062515e-13,3.99769106707e-13,1.60412952331,-1.29226055453e-12,2.34962147205e-13
2.95000000000,3.28451563427,-1.00194887340e-12,4.13220182709e-13,1.83023871251,-1.50710779288e-12,2.69021520037e-13
3.00000000000,3.38109578438,-1.04202543629e-12,4.27192469433e-13,1.93160300220,-1.62669751433e-12,2.79445734483e-13
3.05000000000,3.46973577188,-1.07920811142e-12,4.40262205777e-13,1.77279974987,-1.52415023073e-12,2.61394726879e-13
3.10000000000,3.56017598982,-1.11755924280e-12,4.53466324320e-13,1.80880435882,-1.58725449161e-12,2.64082370853e-13
3.15000000000,3.65043808322,-1.15625112999e-12,4.66479462767e-13,1.80524186815,-1.61594600061e-12,2.60262768950e-13
3.20000000000,3.74709007938,-1.19816659986e-12,4.81045155400e-13,1.93303992310,-1.76818888775e-12,2.91313852662e-13
3.25000000000,3.84763669749,-1.24230936841e-12,4.95734172666e-13,2.01093236223,-1.87974326172e-12,2.93780345319e-13
3.30000000000,3.94211343555,-1.28429293750e-12,5.09712642464e-13,1.88953476126,-1.80279113812e-12,2.79569395956e-13
3.35000000000,4.04050068864,-1.32856742166e-12,5.24534664070e-13,1.96774506168,-1.91764017815e-12,2.96440432114e-13
3.40000000000,4.13678956794,-1.37244403384e-12,5.39001467572e-13,1.92577758607,-1.91552918857e-12,2.89336070052e-13
3.45000000000,4.23534258927,-1.41793062227e-12,5.53945778137e-13,1.97106042663,-2.00159237047e-12,2.98886211289e-13
3.50000000000,4.32510567994,-1.45985950423e-12,5.67635772901e-13,1.79526181332,-1.85763246610e-12,2.73799895286e-13
3.55000000000,4.42688675381,-1.50803239058e-12,5.83114269658e-13,2.03562147732,-2.15045765812e-12,3.09569935144e-13
3.60000000000,4.52117113516,-1.55323079308e-12,5.97617193827e-13,1.88568762703,-2.03088739810e-12,2.90058483372e-13
3.65000000000,4.62010486178,-1.60129046490e-12,6.13192036829e-13,1.97867453239,-2.17450090314e-12,3.11496860052e-13
3.70000000000,4.71123443431,-1.64611721299e-12,6.27775609274e-13,1.82259145067,-2.04071342014e-12,2.91671448898e-13
3.75000000000,4.83004111520,-1.70548829917e-12,6.46367404045e-13,2.37613361776,-2.72327704184e-12,3.71835895407e-13
3.80000000000,4.92887530376,-1.75560235649e-12,6.62264481937e-13,1.97668377131,-2.31136860022e-12,3.17941557855e-13
3.85000000000,5.02434010549,-1.80467936033e-12,6.77630287483e-13,1.90929603447,-2.27533689740e-12,3.07316110915e-13
3.90000000000,5.12656992474,-1.85801489159e-12,6.94408890976e-13,2.04459638506,-2.48649653341e-12,3.35572069854e-13
3.95000000000,5.22436732924,-1.90978189361e-12,7.10593620982e-13,1.95594809009,-2.42522427615e-12,3.23694600125e-13
4.00000000000,5.33170386435,-1.96749126202e-12,7.28556694879e-13,2.14673070207,-2.71820239341e-12,3.59261477935e-13
4.05000000000,5.43756945656,-2.02531467423e-12,7.46517998933e-13,2.11731184428,-2.73707964533e-12,3.59226081076e-13
4.10000000000,5.53426738178,-2.07891458796e-12,7.62829413163e-13,1.93395850441,-2.54727870546e-12,3.26228284615e-13
4.15000000000,5.64625703928,-2.14202620322e-12,7.82438928463e-13,2.23979314998,-3.01473365750e-12,3.92190305996e-13
4.20000000000,5.75235606757,-2.20280713352e-12,8.01103418403e-13,2.12198056568,-2.91554449097e-12,3.73289798792e-13
4.25000000000,5.85242420763,-2.26102877597e-12,8.19122547568e-13,2.00136280140,-2.80379424549e-12,3.60382583314e-13
4.30000000000,5.95571849895,-2.32208128432e-12,8.37693550889e-13,2.06588582625,-2.95162940059e-12,3.71420066420e-13
4.35000000000,6.05437631784,-2.38129143672e-12,8.55589501056e-13,1.97315637778,-2.87241492863e-12,3.57919003338e-13
4.40000000000,6.17159693916,-2.45289980473e-12,8.77248890813e-13,2.34441242644,-3.48880056100e-12,4.33187795138e-13
4.45000000000,6.27242505197,-2.51550865822e-12,8.96020846172e-13,2.01656225632,-3.05905888909e-12,3.75439107174e-13
4.50000000000,6.38545902440,-2.58693154355e-12,9.17284766662e-13,2.26067944843,-3.50214452689e-12,4.25278409809e-13
4.55000000000,6.49587506345,-2.65793987868e-12,9.38400468442e-13,2.20832078105,-3.49245595807e-12,4.22314035594e-13
4.60000000000,6.59867443338,-2.72515934484e-12,9.58251996271e-13,2.05598739867,-3.31454335223e-12,3.97030556580e-13
4.65000000000,6.69077607254,-2.78627213140e-12,9.76330127855e-13,1.84203278315,-3.02068783390e-12,3.61562631686e-13
4.70000000000,6.81361447955,-2.86932977861e-12,1.00100640565e-12,2.45676814016,-4.12039358973e-12,4.93525555852e-13
4.75000000000,6.91725851330,-2.94060264398e-12,1.02173598380e-12,2.07288067513,-3.54339408317e-12,4.14591563066e-13
4.80000000000,7.02606455395,-3.01670664402e-12,1.04420714499e-12,2.17612081287,-3.79440090204e-12,4.49423223847e-13
4.85000000000,7.12818699519,-3.08929436480e-12,1.06543662781e-12,2.04244882489,-3.62785420419e-12,4.24589656363e-13
4.90000000000,7.25305671272,-3.17973090225e-12,1.09170144189e-12,2.49739435047,-4.53513976222e-12,5.25296281568e-13
4.95000000000,7.35157218970,-3.25222708044e-12,1.11277911950e-12,1.97030953979,-3.64244287878e-12,4.21553552112e-13
5.00000000000,7.47372424105,-3.34374360952e-12,1.13870024521e-12,2.44304102686,-4.61222199785e-12,5.18422514220e-13
5.05000000000,7.58022741673,-3.42487542143e-12,1.16207261678e-12,2.13006351358,-4.09792471929e-12,4.67447431525e-13
5.10000000000,7.68704174497,-3.50754852373e-12,1.18553651744e-12,2.13628656491,-4.18610778046e-12,4.69278013161e-13
5.15000000000,7.79090280280,-3.58917836149e-12,1.20863636559e-12,2.07722115655,-4.14320178433e-12,4.61996963052e-13
5.20000000000,7.91603905898,-3.68928350008e-12,1.23661248956e-12,2.50272512358,-5.09700391759e-12,5.59522479262e-13
5.25000000000,8.02430700373,-3.77730695094e-12,1.26148367115e-12,2.16535889497,-4.49203390542e-12,4.97423631771e-13
5.30000000000,8.14116557653,-3.87388455323e-12,1.28850389478e-12,2.33717145610,-4.94300656967e-12,5.40404472607e-13
5.35000000000,8.24810965509,-3.96363933811e-12,1.31338495635e-12,2.13888157118,-4.60427057660e-12,4.97621231433e-13
5.40000000000,8.36074081685,-4.05963780663e-12,1.33980355155e-12,2.25262323523,-4.93804198142e-12,5.28371904053e-13
5.45000000000,8.47381561718,-4.15751722567e-12,1.36661622190e-12,2.26149600646,-5.04818550883e-12,5.36253406934e-13
5.50000000000,8.58438941504,-4.25468552815e-12,1.39287635799e-12,2.21147595730,-5.02367862676e-12,5.25202721829e-13
5.55000000000,8.70255688715,-4.36016945042e-12,1.42136080683e-12,2.36334944223,-5.46885071553e-12,5.69688976844e-13
5.60000000000,8.81504425317,-4.46212325194e-12,1.44881057043e-12,2.24974732033,-5.29853372886e-12,5.48995271901e-13
5.65000000000,8.92663652319,-4.56477087205e-12,1.47615253354e-12,2.23184540047,-5.34749664449e-12,5.46839262325e-13
5.70000000000,9.03811011290,-4.66881585833e-12,1.50356270644e-12,2.22947179409,-5.43305037038e-12,5.48203457937e-13
5.75000000000,9.14720989776,-4.77210350093e-12,1.53083606397e-12,2.18199569716,-5.40603055670e-12,5.45467150685e-13
5.80000000000,9.26940259466,-4.88957738774e-12,1.56143784771e-12,2.44385393816,-6.16540376945e-12,6.12035674666e-13
5.85000000000,9.37585444617,-4.99336984064e-12,1.58840995912e-12,2.12903703018,-5.45763268007e-12,5.39442228260e-13
5.90000000000,9.49337597809,-5.10965209725e-12,1.61831768030e-12,2.35043063843,-6.12938859058e-12,5.98154423596e-13
5.95000000000,9.60477272721,-5.22146487429e-12,1.64674563294e-12,2.22793498233,-5.90509774346e-12,5.68559052759e-13
