scenario_id,axis,tier,vehicle_id,controller,seeds,progress_mean_m,success_rate,energy_mean
man-01-straight-acceleration,maneuvering,simple,vehicle-a-otter,pid,1,0.26475487392336916,0,2.158348944101591
man-01-straight-acceleration,maneuvering,simple,vehicle-b-rudder,pid,1,-0.003369874099082182,0,2.1500281039353624
man-01-straight-acceleration,maneuvering,simple,vehicle-c-azimuth,pid,1,-0.1244044881872508,0,2.150485312168606
man-02-coast-down,maneuvering,simple,vehicle-a-otter,pid,1,1.1958340309707083,0,2.191370914553686
man-02-coast-down,maneuvering,simple,vehicle-b-rudder,pid,1,5.075544797964009,0,3.0874358981341956
man-02-coast-down,maneuvering,simple,vehicle-c-azimuth,pid,1,-0.06732189980026959,0,2.1501594625058402
man-03-turning-circle,maneuvering,moderate,vehicle-a-otter,pid,1,1.3085410717267845,0,2.199401197862909
man-03-turning-circle,maneuvering,moderate,vehicle-b-rudder,pid,1,5.308024681604637,0,3.401940406488976
man-03-turning-circle,maneuvering,moderate,vehicle-c-azimuth,pid,1,-0.06212185879741838,0,2.1501672122456896
man-04-zig-zag,maneuvering,moderate,vehicle-a-otter,pid,1,1.3085410717267845,0,2.199401197862909
man-04-zig-zag,maneuvering,moderate,vehicle-b-rudder,pid,1,5.308024681604637,0,3.401940406488976
man-04-zig-zag,maneuvering,moderate,vehicle-c-azimuth,pid,1,-0.06212185879741838,0,2.1501672122456896
man-05-reverse,maneuvering,moderate,vehicle-a-otter,pid,1,1.2837698715629084,0,2.197683249028807
man-05-reverse,maneuvering,moderate,vehicle-b-rudder,pid,1,5.425024272767828,0,3.67726154922856
man-05-reverse,maneuvering,moderate,vehicle-c-azimuth,pid,1,-0.05466364801505641,0,2.1501793333696484
man-06-crash-stop,maneuvering,moderate,vehicle-a-otter,pid,1,1.2587722610537906,0,2.19612420606172
man-06-crash-stop,maneuvering,moderate,vehicle-b-rudder,pid,1,5.536910717079091,0,3.8451930172039144
man-06-crash-stop,maneuvering,moderate,vehicle-c-azimuth,pid,1,-0.04847223642485865,0,2.1501903462545124
env-01-beam-current,environment,simple,vehicle-a-otter,pid,1,0.00008708746101859788,0,0.021500095147333698
env-01-beam-current,environment,simple,vehicle-b-rudder,pid,1,0.000007965497917705733,0,0.021500011933287797
env-01-beam-current,environment,simple,vehicle-c-azimuth,pid,1,-0.000023212549641993263,0,0.021500023243591668
env-02-following-current,environment,moderate,vehicle-a-otter,pid,1,0.0000464346283397532,0,0.021500063019702052
env-02-following-current,environment,moderate,vehicle-b-rudder,pid,1,0.000008242972947769545,0,0.021500012035879354
env-02-following-current,environment,moderate,vehicle-c-azimuth,pid,1,-0.0209028714509345,0,2.1502513507369256
env-03-crosswind,environment,moderate,vehicle-a-otter,pid,1,0.0000464346283397532,0,0.021500063019702052
env-03-crosswind,environment,moderate,vehicle-b-rudder,pid,1,0.000008242972947769545,0,0.021500012035879354
env-03-crosswind,environment,moderate,vehicle-c-azimuth,pid,1,-0.0209028714509345,0,2.1502513507369256
env-04-gust-front,environment,moderate,vehicle-a-otter,pid,1,0.38497760642844714,0,1.2137035755380465
env-04-gust-front,environment,moderate,vehicle-b-rudder,pid,1,0.8521616510479308,0,0.7903779720364494
env-04-gust-front,environment,moderate,vehicle-c-azimuth,pid,1,0.004187994959099051,0,2.1503179006387385
env-05-regular-head-wave,environment,moderate,vehicle-a-otter,pid,1,1.0613575956569128,0,2.187785798974284
env-05-regular-head-wave,environment,moderate,vehicle-b-rudder,pid,1,2.013103462876685,0,1.3263136315416644
env-05-regular-head-wave,environment,moderate,vehicle-c-azimuth,pid,1,0.02022708426297104,0,2.1503659089205014
env-06-combined-wind-current-wave,environment,moderate,vehicle-a-otter,pid,1,1.0727057660433772,0,2.1881534367610715
env-06-combined-wind-current-wave,environment,moderate,vehicle-b-rudder,pid,1,1.7080206436084082,0,1.186242756630477
env-06-combined-wind-current-wave,environment,moderate,vehicle-c-azimuth,pid,1,0.015644831637648515,0,2.150351773322579
sen-01-clear,sensing,simple,vehicle-a-otter,pid,1,0.00006118705001911806,0,0.021500074062605574
sen-01-clear,sensing,simple,vehicle-b-rudder,pid,1,0.00000814808186699878,0,0.021500012002038785
sen-01-clear,sensing,simple,vehicle-c-azimuth,pid,1,-0.000019788213230675922,0,0.021500022582782705
sen-02-dense-fog,sensing,simple,vehicle-a-otter,pid,1,0.00006118705001911806,0,0.021500074062605574
sen-02-dense-fog,sensing,simple,vehicle-b-rudder,pid,1,0.00000814808186699878,0,0.021500012002038785
sen-02-dense-fog,sensing,simple,vehicle-c-azimuth,pid,1,-0.000019788213230675922,0,0.021500022582782705
sen-03-heavy-rain,sensing,moderate,vehicle-a-otter,pid,1,0.044103359072141135,0,0.451982167695832
sen-03-heavy-rain,sensing,moderate,vehicle-b-rudder,pid,1,0.4743717052727434,0,0.6015249630982419
sen-03-heavy-rain,sensing,moderate,vehicle-c-azimuth,pid,1,-0.0029812879491588617,0,2.15029779295014
sen-04-low-light,sensing,moderate,vehicle-a-otter,pid,1,1.0727057660433772,0,2.1881534367610715
sen-04-low-light,sensing,moderate,vehicle-b-rudder,pid,1,1.7080206436084082,0,1.186242756630477
sen-04-low-light,sensing,moderate,vehicle-c-azimuth,pid,1,0.015644831637648515,0,2.150351773322579
sen-05-gps-denial,sensing,moderate,vehicle-a-otter,pid,1,1.0727057660433772,0,2.1881534367610715
sen-05-gps-denial,sensing,moderate,vehicle-b-rudder,pid,1,1.7080206436084082,0,1.186242756630477
sen-05-gps-denial,sensing,moderate,vehicle-c-azimuth,pid,1,0.015644831637648515,0,2.150351773322579
sen-06-sensor-failure,sensing,complex,vehicle-a-otter,pid,1,1.060083250867745,0,2.187940329842059
sen-06-sensor-failure,sensing,complex,vehicle-b-rudder,pid,1,2.442596482020447,0,1.5255419239305494
sen-06-sensor-failure,sensing,complex,vehicle-c-azimuth,pid,1,0.024211007736055556,0,2.1503784683599716
res-01-limited-battery,resources,simple,vehicle-a-otter,pid,1,0.00009577967510976393,1,0.021500092581353342
res-01-limited-battery,resources,simple,vehicle-b-rudder,pid,1,-0.0000013725389971241952,0,0.02150001132598681
res-01-limited-battery,resources,simple,vehicle-c-azimuth,pid,1,-0.000024730646078108265,0,0.021500023648485887
res-02-high-sensor-power,resources,simple,vehicle-a-otter,pid,1,0.0000753483421762624,0,0.02150008638861834
res-02-high-sensor-power,resources,simple,vehicle-b-rudder,pid,1,0.000008051583359591774,0,0.021500011966214993
res-02-high-sensor-power,resources,simple,vehicle-c-azimuth,pid,1,-0.000021590877637756023,0,0.021500022908128066
res-03-switching-penalty,resources,moderate,vehicle-a-otter,pid,1,0.00003248902171426593,0,0.021500053830554686
res-03-switching-penalty,resources,moderate,vehicle-b-rudder,pid,1,0.14985986466245205,0,0.3941532998425452
res-03-switching-penalty,resources,moderate,vehicle-c-azimuth,pid,1,-0.011313395047139796,0,2.1502755084907945
res-04-bandwidth-budget,resources,moderate,vehicle-a-otter,pid,1,0.00003248902171426593,0,0.021500053830554686
res-04-bandwidth-budget,resources,moderate,vehicle-b-rudder,pid,1,0.14985986466245205,0,0.3941532998425452
res-04-bandwidth-budget,resources,moderate,vehicle-c-azimuth,pid,1,-0.011313395047139796,0,2.1502755084907945
res-05-compute-budget,resources,moderate,vehicle-a-otter,pid,1,0.7321094477243499,0,1.7424286134944655
res-05-compute-budget,resources,moderate,vehicle-b-rudder,pid,1,1.2483472327026215,0,0.9752181125668176
res-05-compute-budget,resources,moderate,vehicle-c-azimuth,pid,1,0.010345064026303419,0,2.15033584143826
res-06-mixed-energy-tradeoff,resources,moderate,vehicle-a-otter,pid,1,1.0613575956569128,0,2.187785798974284
res-06-mixed-energy-tradeoff,resources,moderate,vehicle-b-rudder,pid,1,2.013103462876685,0,1.3263136315416644
res-06-mixed-energy-tradeoff,resources,moderate,vehicle-c-azimuth,pid,1,0.02022708426297104,0,2.1503659089205014
geo-01-open-coastal,geography,simple,vehicle-a-otter,pid,1,0.0000753483421762624,0,0.02150008638861834
geo-01-open-coastal,geography,simple,vehicle-b-rudder,pid,1,0.000008051583359591774,0,0.021500011966214993
geo-01-open-coastal,geography,simple,vehicle-c-azimuth,pid,1,-0.000021590877637756023,0,0.021500022908128066
geo-02-structured-harbor,geography,moderate,vehicle-a-otter,pid,1,0.044103359072141135,0,0.451982167695832
geo-02-structured-harbor,geography,moderate,vehicle-b-rudder,pid,1,0.4743717052727434,0,0.6015249630982419
geo-02-structured-harbor,geography,moderate,vehicle-c-azimuth,pid,1,-0.0029812879491588617,0,2.15029779295014
geo-03-narrow-channel,geography,moderate,vehicle-a-otter,pid,1,0.38497760642844714,0,1.2137035755380465
geo-03-narrow-channel,geography,moderate,vehicle-b-rudder,pid,1,0.8521616510479308,0,0.7903779720364494
geo-03-narrow-channel,geography,moderate,vehicle-c-azimuth,pid,1,0.004187994959099051,0,2.1503179006387385
geo-04-shallow-hazard,geography,moderate,vehicle-a-otter,pid,1,0.7321094477243499,0,1.7424286134944655
geo-04-shallow-hazard,geography,moderate,vehicle-b-rudder,pid,1,1.2483472327026215,0,0.9752181125668176
geo-04-shallow-hazard,geography,moderate,vehicle-c-azimuth,pid,1,0.010345064026303419,0,2.15033584143826
geo-05-bridge-transit,geography,complex,vehicle-a-otter,pid,1,1.0592417933213971,0,2.1881044133533716
geo-05-bridge-transit,geography,complex,vehicle-b-rudder,pid,1,2.8963164542397406,0,1.7388373027170414
geo-05-bridge-transit,geography,complex,vehicle-c-azimuth,pid,1,0.027695486128688884,0,2.150389657621762
geo-06-restricted-region,geography,complex,vehicle-a-otter,pid,1,1.0592417933213971,0,2.1881044133533716
geo-06-restricted-region,geography,complex,vehicle-b-rudder,pid,1,2.8963164542397406,0,1.7388373027170414
geo-06-restricted-region,geography,complex,vehicle-c-azimuth,pid,1,0.027695486128688884,0,2.150389657621762
mis-01-waypoint-navigation,mission-integration,simple,vehicle-a-otter,pid,1,0.00006118705001911806,0,0.021500074062605574
mis-01-waypoint-navigation,mission-integration,simple,vehicle-b-rudder,pid,1,0.00000814808186699878,0,0.021500012002038785
mis-01-waypoint-navigation,mission-integration,simple,vehicle-c-azimuth,pid,1,-0.000019788213230675922,0,0.021500022582782705
mis-02-obstacle-avoidance,mission-integration,simple,vehicle-a-otter,pid,1,0.00006118705001911806,0,0.021500074062605574
mis-02-obstacle-avoidance,mission-integration,simple,vehicle-b-rudder,pid,1,0.00000814808186699878,0,0.021500012002038785
mis-02-obstacle-avoidance,mission-integration,simple,vehicle-c-azimuth,pid,1,-0.000019788213230675922,0,0.021500022582782705
mis-03-station-keeping,mission-integration,moderate,vehicle-a-otter,pid,1,0.044103359072141135,0,0.451982167695832
mis-03-station-keeping,mission-integration,moderate,vehicle-b-rudder,pid,1,0.4743717052727434,0,0.6015249630982419
mis-03-station-keeping,mission-integration,moderate,vehicle-c-azimuth,pid,1,-0.0029812879491588617,0,2.15029779295014
mis-04-channel-traversal,mission-integration,moderate,vehicle-a-otter,pid,1,1.0727057660433772,0,2.1881534367610715
mis-04-channel-traversal,mission-integration,moderate,vehicle-b-rudder,pid,1,1.7080206436084082,0,1.186242756630477
mis-04-channel-traversal,mission-integration,moderate,vehicle-c-azimuth,pid,1,0.015644831637648515,0,2.150351773322579
mis-05-changing-weather,mission-integration,moderate,vehicle-a-otter,pid,1,1.0727057660433772,0,2.1881534367610715
mis-05-changing-weather,mission-integration,moderate,vehicle-b-rudder,pid,1,1.7080206436084082,0,1.186242756630477
mis-05-changing-weather,mission-integration,moderate,vehicle-c-azimuth,pid,1,0.015644831637648515,0,2.150351773322579
mis-06-grounded-depth-hazard,mission-integration,complex,vehicle-a-otter,pid,1,1.060083250867745,0,2.187940329842059
mis-06-grounded-depth-hazard,mission-integration,complex,vehicle-b-rudder,pid,1,2.442596482020447,0,1.5255419239305494
mis-06-grounded-depth-hazard,mission-integration,complex,vehicle-c-azimuth,pid,1,0.024211007736055556,0,2.1503784683599716
man-01-straight-acceleration,maneuvering,simple,vehicle-a-otter,mpc,1,0.2503761663052124,0,2.158461475985688
man-01-straight-acceleration,maneuvering,simple,vehicle-b-rudder,mpc,1,-0.005272545887349267,0,2.150029816823218
man-01-straight-acceleration,maneuvering,simple,vehicle-c-azimuth,mpc,1,-0.1244044881872508,0,2.150485312168606
man-02-coast-down,maneuvering,simple,vehicle-a-otter,mpc,1,1.2825417695338057,0,2.1974511245235253
man-02-coast-down,maneuvering,simple,vehicle-b-rudder,mpc,1,4.977844500148387,0,3.0243519689536384
man-02-coast-down,maneuvering,simple,vehicle-c-azimuth,mpc,1,-0.06732189980026959,0,2.1501594625058402
man-03-turning-circle,maneuvering,moderate,vehicle-a-otter,mpc,1,1.3085410717267845,0,2.199401197862909
man-03-turning-circle,maneuvering,moderate,vehicle-b-rudder,mpc,1,5.160006449110907,0,3.277895093924334
man-03-turning-circle,maneuvering,moderate,vehicle-c-azimuth,mpc,1,-0.06212185879741838,0,2.1501672122456896
man-04-zig-zag,maneuvering,moderate,vehicle-a-otter,mpc,1,1.3085410717267845,0,2.199401197862909
man-04-zig-zag,maneuvering,moderate,vehicle-b-rudder,mpc,1,5.160006449110907,0,3.277895093924334
man-04-zig-zag,maneuvering,moderate,vehicle-c-azimuth,mpc,1,-0.06212185879741838,0,2.1501672122456896
man-05-reverse,maneuvering,moderate,vehicle-a-otter,mpc,1,1.283512971670051,0,2.1976866685844616
man-05-reverse,maneuvering,moderate,vehicle-b-rudder,mpc,1,5.211315344970149,0,3.5278554231628063
man-05-reverse,maneuvering,moderate,vehicle-c-azimuth,mpc,1,-0.05466364801505641,0,2.1501793333696484
man-06-crash-stop,maneuvering,moderate,vehicle-a-otter,mpc,1,1.2583847544432345,0,2.1961549377998737
man-06-crash-stop,maneuvering,moderate,vehicle-b-rudder,mpc,1,5.2878886339664986,0,3.69255849776565
man-06-crash-stop,maneuvering,moderate,vehicle-c-azimuth,mpc,1,-0.04847223642485865,0,2.1501903462545124
env-01-beam-current,environment,simple,vehicle-a-otter,mpc,1,0.00008955870299720559,0,0.021500099335809167
env-01-beam-current,environment,simple,vehicle-b-rudder,mpc,1,0.000007965497917705733,0,0.021500011933287797
env-01-beam-current,environment,simple,vehicle-c-azimuth,mpc,1,-0.000023212549641993263,0,0.021500023243591668
env-02-following-current,environment,moderate,vehicle-a-otter,mpc,1,0.00004643427190753613,0,0.021500063019236668
env-02-following-current,environment,moderate,vehicle-b-rudder,mpc,1,0.000008242972947769545,0,0.021500012035879354
env-02-following-current,environment,moderate,vehicle-c-azimuth,mpc,1,-0.0209028714509345,0,2.1502513507369256
env-03-crosswind,environment,moderate,vehicle-a-otter,mpc,1,0.00004643427190753613,0,0.021500063019236668
env-03-crosswind,environment,moderate,vehicle-b-rudder,mpc,1,0.000008242972947769545,0,0.021500012035879354
env-03-crosswind,environment,moderate,vehicle-c-azimuth,mpc,1,-0.0209028714509345,0,2.1502513507369256
env-04-gust-front,environment,moderate,vehicle-a-otter,mpc,1,0.38477768040067506,0,1.2136891684337208
env-04-gust-front,environment,moderate,vehicle-b-rudder,mpc,1,0.9117192925060764,0,0.8217813116177665
env-04-gust-front,environment,moderate,vehicle-c-azimuth,mpc,1,0.004187994959099051,0,2.1503179006387385
env-05-regular-head-wave,environment,moderate,vehicle-a-otter,mpc,1,1.0607861138825254,0,2.187782792046402
env-05-regular-head-wave,environment,moderate,vehicle-b-rudder,mpc,1,2.0906943347114075,0,1.3648925680048034
env-05-regular-head-wave,environment,moderate,vehicle-c-azimuth,mpc,1,0.02022708426297104,0,2.1503659089205014
env-06-combined-wind-current-wave,environment,moderate,vehicle-a-otter,mpc,1,1.0720899285849734,0,2.1881515054870713
env-06-combined-wind-current-wave,environment,moderate,vehicle-b-rudder,mpc,1,1.6866114664214047,0,1.1790149675952444
env-06-combined-wind-current-wave,environment,moderate,vehicle-c-azimuth,mpc,1,0.015644831637648515,0,2.150351773322579
sen-01-clear,sensing,simple,vehicle-a-otter,mpc,1,0.00006118669505594809,0,0.021500074061990015
sen-01-clear,sensing,simple,vehicle-b-rudder,mpc,1,0.00000814808186699878,0,0.021500012002038785
sen-01-clear,sensing,simple,vehicle-c-azimuth,mpc,1,-0.000019788213230675922,0,0.021500022582782705
sen-02-dense-fog,sensing,simple,vehicle-a-otter,mpc,1,0.00006118669505594809,0,0.021500074061990015
sen-02-dense-fog,sensing,simple,vehicle-b-rudder,mpc,1,0.00000814808186699878,0,0.021500012002038785
sen-02-dense-fog,sensing,simple,vehicle-c-azimuth,mpc,1,-0.000019788213230675922,0,0.021500022582782705
sen-03-heavy-rain,sensing,moderate,vehicle-a-otter,mpc,1,0.04409038695866485,0,0.4519818299596925
sen-03-heavy-rain,sensing,moderate,vehicle-b-rudder,mpc,1,0.5218157517084698,0,0.6293506826763781
sen-03-heavy-rain,sensing,moderate,vehicle-c-azimuth,mpc,1,-0.0029812879491588617,0,2.15029779295014
sen-04-low-light,sensing,moderate,vehicle-a-otter,mpc,1,1.0720899285849734,0,2.1881515054870713
sen-04-low-light,sensing,moderate,vehicle-b-rudder,mpc,1,1.6866114664214047,0,1.1790149675952444
sen-04-low-light,sensing,moderate,vehicle-c-azimuth,mpc,1,0.015644831637648515,0,2.150351773322579
sen-05-gps-denial,sensing,moderate,vehicle-a-otter,mpc,1,1.0720899285849734,0,2.1881515054870713
sen-05-gps-denial,sensing,moderate,vehicle-b-rudder,mpc,1,1.6866114664214047,0,1.1790149675952444
sen-05-gps-denial,sensing,moderate,vehicle-c-azimuth,mpc,1,0.015644831637648515,0,2.150351773322579
sen-06-sensor-failure,sensing,complex,vehicle-a-otter,mpc,1,1.059583434881545,0,2.1879400553747947
sen-06-sensor-failure,sensing,complex,vehicle-b-rudder,mpc,1,2.52257672829845,0,1.5660449594173798
sen-06-sensor-failure,sensing,complex,vehicle-c-azimuth,mpc,1,0.024211007736055556,0,2.1503784683599716
res-01-limited-battery,resources,simple,vehicle-a-otter,mpc,1,0.00009577967510976393,1,0.021500092581353342
res-01-limited-battery,resources,simple,vehicle-b-rudder,mpc,1,-0.0000013725389971241952,0,0.02150001132598681
res-01-limited-battery,resources,simple,vehicle-c-azimuth,mpc,1,-0.000024730646078108265,0,0.021500023648485887
res-02-high-sensor-power,resources,simple,vehicle-a-otter,mpc,1,0.00007598164398503471,0,0.02150008730797215
res-02-high-sensor-power,resources,simple,vehicle-b-rudder,mpc,1,0.000008051583359591774,0,0.021500011966214993
res-02-high-sensor-power,resources,simple,vehicle-c-azimuth,mpc,1,-0.000021590877637756023,0,0.021500022908128066
res-03-switching-penalty,resources,moderate,vehicle-a-otter,mpc,1,0.000032488676602770994,0,0.021500053830243712
res-03-switching-penalty,resources,moderate,vehicle-b-rudder,mpc,1,0.14888622770691562,0,0.3940612264935689
res-03-switching-penalty,resources,moderate,vehicle-c-azimuth,mpc,1,-0.011313395047139796,0,2.1502755084907945
res-04-bandwidth-budget,resources,moderate,vehicle-a-otter,mpc,1,0.000032488676602770994,0,0.021500053830243712
res-04-bandwidth-budget,resources,moderate,vehicle-b-rudder,mpc,1,0.14888622770691562,0,0.3940612264935689
res-04-bandwidth-budget,resources,moderate,vehicle-c-azimuth,mpc,1,-0.011313395047139796,0,2.1502755084907945
res-05-compute-budget,resources,moderate,vehicle-a-otter,mpc,1,0.7317148441328278,0,1.7424069222288336
res-05-compute-budget,resources,moderate,vehicle-b-rudder,mpc,1,1.3162728376726887,0,1.0095007087331167
res-05-compute-budget,resources,moderate,vehicle-c-azimuth,mpc,1,0.010345064026303419,0,2.15033584143826
res-06-mixed-energy-tradeoff,resources,moderate,vehicle-a-otter,mpc,1,1.0607861138825254,0,2.187782792046402
res-06-mixed-energy-tradeoff,resources,moderate,vehicle-b-rudder,mpc,1,2.0906943347114075,0,1.3648925680048034
res-06-mixed-energy-tradeoff,resources,moderate,vehicle-c-azimuth,mpc,1,0.02022708426297104,0,2.1503659089205014
geo-01-open-coastal,geography,simple,vehicle-a-otter,mpc,1,0.00007598164398503471,0,0.02150008730797215
geo-01-open-coastal,geography,simple,vehicle-b-rudder,mpc,1,0.000008051583359591774,0,0.021500011966214993
geo-01-open-coastal,geography,simple,vehicle-c-azimuth,mpc,1,-0.000021590877637756023,0,0.021500022908128066
geo-02-structured-harbor,geography,moderate,vehicle-a-otter,mpc,1,0.04409038695866485,0,0.4519818299596925
geo-02-structured-harbor,geography,moderate,vehicle-b-rudder,mpc,1,0.5218157517084698,0,0.6293506826763781
geo-02-structured-harbor,geography,moderate,vehicle-c-azimuth,mpc,1,-0.0029812879491588617,0,2.15029779295014
geo-03-narrow-channel,geography,moderate,vehicle-a-otter,mpc,1,0.38477768040067506,0,1.2136891684337208
geo-03-narrow-channel,geography,moderate,vehicle-b-rudder,mpc,1,0.9117192925060764,0,0.8217813116177665
geo-03-narrow-channel,geography,moderate,vehicle-c-azimuth,mpc,1,0.004187994959099051,0,2.1503179006387385
geo-04-shallow-hazard,geography,moderate,vehicle-a-otter,mpc,1,0.7317148441328278,0,1.7424069222288336
geo-04-shallow-hazard,geography,moderate,vehicle-b-rudder,mpc,1,1.3162728376726887,0,1.0095007087331167
geo-04-shallow-hazard,geography,moderate,vehicle-c-azimuth,mpc,1,0.010345064026303419,0,2.15033584143826
geo-05-bridge-transit,geography,complex,vehicle-a-otter,mpc,1,1.0586839589549415,0,2.1880984189573303
geo-05-bridge-transit,geography,complex,vehicle-b-rudder,mpc,1,2.976974774508928,0,1.7812282237283412
geo-05-bridge-transit,geography,complex,vehicle-c-azimuth,mpc,1,0.027695486128688884,0,2.150389657621762
geo-06-restricted-region,geography,complex,vehicle-a-otter,mpc,1,1.0586839589549415,0,2.1880984189573303
geo-06-restricted-region,geography,complex,vehicle-b-rudder,mpc,1,2.976974774508928,0,1.7812282237283412
geo-06-restricted-region,geography,complex,vehicle-c-azimuth,mpc,1,0.027695486128688884,0,2.150389657621762
mis-01-waypoint-navigation,mission-integration,simple,vehicle-a-otter,mpc,1,0.00006118669505594809,0,0.021500074061990015
mis-01-waypoint-navigation,mission-integration,simple,vehicle-b-rudder,mpc,1,0.00000814808186699878,0,0.021500012002038785
mis-01-waypoint-navigation,mission-integration,simple,vehicle-c-azimuth,mpc,1,-0.000019788213230675922,0,0.021500022582782705
mis-02-obstacle-avoidance,mission-integration,simple,vehicle-a-otter,mpc,1,0.00006118669505594809,0,0.021500074061990015
mis-02-obstacle-avoidance,mission-integration,simple,vehicle-b-rudder,mpc,1,0.00000814808186699878,0,0.021500012002038785
mis-02-obstacle-avoidance,mission-integration,simple,vehicle-c-azimuth,mpc,1,-0.000019788213230675922,0,0.021500022582782705
mis-03-station-keeping,mission-integration,moderate,vehicle-a-otter,mpc,1,0.04409038695866485,0,0.4519818299596925
mis-03-station-keeping,mission-integration,moderate,vehicle-b-rudder,mpc,1,0.5218157517084698,0,0.6293506826763781
mis-03-station-keeping,mission-integration,moderate,vehicle-c-azimuth,mpc,1,-0.0029812879491588617,0,2.15029779295014
mis-04-channel-traversal,mission-integration,moderate,vehicle-a-otter,mpc,1,1.0720899285849734,0,2.1881515054870713
mis-04-channel-traversal,mission-integration,moderate,vehicle-b-rudder,mpc,1,1.6866114664214047,0,1.1790149675952444
mis-04-channel-traversal,mission-integration,moderate,vehicle-c-azimuth,mpc,1,0.015644831637648515,0,2.150351773322579
mis-05-changing-weather,mission-integration,moderate,vehicle-a-otter,mpc,1,1.0720899285849734,0,2.1881515054870713
mis-05-changing-weather,mission-integration,moderate,vehicle-b-rudder,mpc,1,1.6866114664214047,0,1.1790149675952444
mis-05-changing-weather,mission-integration,moderate,vehicle-c-azimuth,mpc,1,0.015644831637648515,0,2.150351773322579
mis-06-grounded-depth-hazard,mission-integration,complex,vehicle-a-otter,mpc,1,1.059583434881545,0,2.1879400553747947
mis-06-grounded-depth-hazard,mission-integration,complex,vehicle-b-rudder,mpc,1,2.52257672829845,0,1.5660449594173798
mis-06-grounded-depth-hazard,mission-integration,complex,vehicle-c-azimuth,mpc,1,0.024211007736055556,0,2.1503784683599716
man-01-straight-acceleration,maneuvering,simple,vehicle-a-otter,ppo,5,-0.6685136693844882,0,2.182598128384029
man-01-straight-acceleration,maneuvering,simple,vehicle-b-rudder,ppo,5,-20.84321046780861,0,22.867627994412505
man-01-straight-acceleration,maneuvering,simple,vehicle-c-azimuth,ppo,5,-0.1772660239358661,0,2.1510467167114573
man-02-coast-down,maneuvering,simple,vehicle-a-otter,ppo,5,-0.3017705412079419,0,2.1658104838131296
man-02-coast-down,maneuvering,simple,vehicle-b-rudder,ppo,5,-17.079813823065546,0,15.586957021252834
man-02-coast-down,maneuvering,simple,vehicle-c-azimuth,ppo,5,-0.1741992619738486,0,2.151025521095516
man-03-turning-circle,maneuvering,moderate,vehicle-a-otter,ppo,5,0.08150184322068199,0,2.1570401255913545
man-03-turning-circle,maneuvering,moderate,vehicle-b-rudder,ppo,5,-4.6453985379726515,0,2.922447430319336
man-03-turning-circle,maneuvering,moderate,vehicle-c-azimuth,ppo,5,-0.16909882772915807,0,2.1509923388268546
man-04-zig-zag,maneuvering,moderate,vehicle-a-otter,ppo,5,0.08150184322068199,0,2.1570401255913545
man-04-zig-zag,maneuvering,moderate,vehicle-b-rudder,ppo,5,-4.6453985379726515,0,2.922447430319336
man-04-zig-zag,maneuvering,moderate,vehicle-c-azimuth,ppo,5,-0.16909882772915807,0,2.1509923388268546
man-05-reverse,maneuvering,moderate,vehicle-a-otter,ppo,5,0.34361867601931095,0,2.15667314898397
man-05-reverse,maneuvering,moderate,vehicle-b-rudder,ppo,5,0.8791420986364376,0,2.1747245602339795
man-05-reverse,maneuvering,moderate,vehicle-c-azimuth,ppo,5,-0.10672488770434008,0,2.150434958210915
man-06-crash-stop,maneuvering,moderate,vehicle-a-otter,ppo,5,0.46093426411177063,0,2.158056843168317
man-06-crash-stop,maneuvering,moderate,vehicle-b-rudder,ppo,5,2.6491768483982314,0,2.367681166717932
man-06-crash-stop,maneuvering,moderate,vehicle-c-azimuth,ppo,5,-0.05019711219794587,0,2.1501947280101037
env-01-beam-current,environment,simple,vehicle-a-otter,ppo,5,0.00006864746892887297,0,0.02150006759340128
env-01-beam-current,environment,simple,vehicle-b-rudder,ppo,5,-0.000010571157011529664,0,0.021500012400834226
env-01-beam-current,environment,simple,vehicle-c-azimuth,ppo,5,-0.00002361310312526399,0,0.021500023422935936
env-02-following-current,environment,moderate,vehicle-a-otter,ppo,5,0.00003790471056852596,0,0.021500056117659257
env-02-following-current,environment,moderate,vehicle-b-rudder,ppo,5,0.000008243384399531095,0,0.02150001205057286
env-02-following-current,environment,moderate,vehicle-c-azimuth,ppo,5,-0.0209028714509345,0,2.1502513507369256
env-03-crosswind,environment,moderate,vehicle-a-otter,ppo,5,0.00003790471056852596,0,0.021500056117659257
env-03-crosswind,environment,moderate,vehicle-b-rudder,ppo,5,0.000008243384399531095,0,0.02150001205057286
env-03-crosswind,environment,moderate,vehicle-c-azimuth,ppo,5,-0.0209028714509345,0,2.1502513507369256
env-04-gust-front,environment,moderate,vehicle-a-otter,ppo,5,0.38771535351594855,0,1.2138974734988996
env-04-gust-front,environment,moderate,vehicle-b-rudder,ppo,5,0.9665627046490698,0,0.851815218613259
env-04-gust-front,environment,moderate,vehicle-c-azimuth,ppo,5,0.004187994959099051,0,2.1503179006387385
env-05-regular-head-wave,environment,moderate,vehicle-a-otter,ppo,5,1.0677526007091807,0,2.187679489821761
env-05-regular-head-wave,environment,moderate,vehicle-b-rudder,ppo,5,2.721419726629275,0,1.673428703737666
env-05-regular-head-wave,environment,moderate,vehicle-c-azimuth,ppo,5,0.02022708426297104,0,2.1503659089205014
env-06-combined-wind-current-wave,environment,moderate,vehicle-a-otter,ppo,5,1.07880440226422,0,2.1880247863220026
env-06-combined-wind-current-wave,environment,moderate,vehicle-b-rudder,ppo,5,2.1066695312587163,0,1.3846032164556439
env-06-combined-wind-current-wave,environment,moderate,vehicle-c-azimuth,ppo,5,0.015644831637648515,0,2.150351773322579
sen-01-clear,sensing,simple,vehicle-a-otter,ppo,5,0.00004817744310825489,0,0.021500060411616503
sen-01-clear,sensing,simple,vehicle-b-rudder,ppo,5,0.0000072254022187578926,0,0.02150001187201009
sen-01-clear,sensing,simple,vehicle-c-azimuth,ppo,5,-0.000019788213230675922,0,0.021500022582782705
sen-02-dense-fog,sensing,simple,vehicle-a-otter,ppo,5,0.00004817744310825489,0,0.021500060411616503
sen-02-dense-fog,sensing,simple,vehicle-b-rudder,ppo,5,0.0000072254022187578926,0,0.02150001187201009
sen-02-dense-fog,sensing,simple,vehicle-c-azimuth,ppo,5,-0.000019788213230675922,0,0.021500022582782705
sen-03-heavy-rain,sensing,moderate,vehicle-a-otter,ppo,5,0.04578133387166439,0,0.4735030255336251
sen-03-heavy-rain,sensing,moderate,vehicle-b-rudder,ppo,5,0.5104957592091899,0,0.6266837559820477
sen-03-heavy-rain,sensing,moderate,vehicle-c-azimuth,ppo,5,-0.0029812879491588617,0,2.15029779295014
sen-04-low-light,sensing,moderate,vehicle-a-otter,ppo,5,1.07880440226422,0,2.1880247863220026
sen-04-low-light,sensing,moderate,vehicle-b-rudder,ppo,5,2.1066695312587163,0,1.3846032164556439
sen-04-low-light,sensing,moderate,vehicle-c-azimuth,ppo,5,0.015644831637648515,0,2.150351773322579
sen-05-gps-denial,sensing,moderate,vehicle-a-otter,ppo,5,1.07880440226422,0,2.1880247863220026
sen-05-gps-denial,sensing,moderate,vehicle-b-rudder,ppo,5,2.1066695312587163,0,1.3846032164556439
sen-05-gps-denial,sensing,moderate,vehicle-c-azimuth,ppo,5,0.015644831637648515,0,2.150351773322579
sen-06-sensor-failure,sensing,complex,vehicle-a-otter,ppo,5,1.0665005225397328,0,2.1878571158753415
sen-06-sensor-failure,sensing,complex,vehicle-b-rudder,ppo,5,3.395083062713515,1,2.014503304156359
sen-06-sensor-failure,sensing,complex,vehicle-c-azimuth,ppo,5,0.024211007736055556,0,2.1503784683599716
res-01-limited-battery,resources,simple,vehicle-a-otter,ppo,5,0.00007994014954904038,1,0.021500065875543248
res-01-limited-battery,resources,simple,vehicle-b-rudder,ppo,5,-0.000010640780583326404,0,0.021500012392347778
res-01-limited-battery,resources,simple,vehicle-c-azimuth,ppo,5,-0.000024930935182521097,0,0.021500023743591043
res-02-high-sensor-power,resources,simple,vehicle-a-otter,ppo,5,0.000057685804351059744,0,0.021500063843630915
res-02-high-sensor-power,resources,simple,vehicle-b-rudder,ppo,5,-0.000008464580909528507,0,0.021500012038385787
res-02-high-sensor-power,resources,simple,vehicle-c-azimuth,ppo,5,-0.000021791294592787835,0,0.021500022991298752
res-03-switching-penalty,resources,moderate,vehicle-a-otter,ppo,5,0.00002766002334242401,0,0.021500051044169678
res-03-switching-penalty,resources,moderate,vehicle-b-rudder,ppo,5,0.13628412504045828,0,0.3926330322156059
res-03-switching-penalty,resources,moderate,vehicle-c-azimuth,ppo,5,-0.011313395047139796,0,2.1502755084907945
res-04-bandwidth-budget,resources,moderate,vehicle-a-otter,ppo,5,0.00002766002334242401,0,0.021500051044169678
res-04-bandwidth-budget,resources,moderate,vehicle-b-rudder,ppo,5,0.13628412504045828,0,0.3926330322156059
res-04-bandwidth-budget,resources,moderate,vehicle-c-azimuth,ppo,5,-0.011313395047139796,0,2.1502755084907945
res-05-compute-budget,resources,moderate,vehicle-a-otter,ppo,5,0.7372331598983832,0,1.7427345639664082
res-05-compute-budget,resources,moderate,vehicle-b-rudder,ppo,5,1.5081138510104446,0,1.107201362923571
res-05-compute-budget,resources,moderate,vehicle-c-azimuth,ppo,5,0.010345064026303419,0,2.15033584143826
res-06-mixed-energy-tradeoff,resources,moderate,vehicle-a-otter,ppo,5,1.0677526007091807,0,2.187679489821761
res-06-mixed-energy-tradeoff,resources,moderate,vehicle-b-rudder,ppo,5,2.721419726629275,0,1.673428703737666
res-06-mixed-energy-tradeoff,resources,moderate,vehicle-c-azimuth,ppo,5,0.02022708426297104,0,2.1503659089205014
geo-01-open-coastal,geography,simple,vehicle-a-otter,ppo,5,0.000057685804351059744,0,0.021500063843630915
geo-01-open-coastal,geography,simple,vehicle-b-rudder,ppo,5,-0.000008464580909528507,0,0.021500012038385787
geo-01-open-coastal,geography,simple,vehicle-c-azimuth,ppo,5,-0.000021791294592787835,0,0.021500022991298752
geo-02-structured-harbor,geography,moderate,vehicle-a-otter,ppo,5,0.04578133387166439,0,0.4735030255336251
geo-02-structured-harbor,geography,moderate,vehicle-b-rudder,ppo,5,0.5104957592091899,0,0.6266837559820477
geo-02-structured-harbor,geography,moderate,vehicle-c-azimuth,ppo,5,-0.0029812879491588617,0,2.15029779295014
geo-03-narrow-channel,geography,moderate,vehicle-a-otter,ppo,5,0.38771535351594855,0,1.2138974734988996
geo-03-narrow-channel,geography,moderate,vehicle-b-rudder,ppo,5,0.9665627046490698,0,0.851815218613259
geo-03-narrow-channel,geography,moderate,vehicle-c-azimuth,ppo,5,0.004187994959099051,0,2.1503179006387385
geo-04-shallow-hazard,geography,moderate,vehicle-a-otter,ppo,5,0.7372331598983832,0,1.7427345639664082
geo-04-shallow-hazard,geography,moderate,vehicle-b-rudder,ppo,5,1.5081138510104446,0,1.107201362923571
geo-04-shallow-hazard,geography,moderate,vehicle-c-azimuth,ppo,5,0.010345064026303419,0,2.15033584143826
geo-05-bridge-transit,geography,complex,vehicle-a-otter,ppo,5,1.065365971090099,0,2.1880171390051677
geo-05-bridge-transit,geography,complex,vehicle-b-rudder,ppo,5,3.934898330943331,1,2.3599676227818867
geo-05-bridge-transit,geography,complex,vehicle-c-azimuth,ppo,5,0.027695486128688884,0,2.150389657621762
geo-06-restricted-region,geography,complex,vehicle-a-otter,ppo,5,1.065365971090099,0,2.1880171390051677
geo-06-restricted-region,geography,complex,vehicle-b-rudder,ppo,5,3.934898330943331,1,2.3599676227818867
geo-06-restricted-region,geography,complex,vehicle-c-azimuth,ppo,5,0.027695486128688884,0,2.150389657621762
mis-01-waypoint-navigation,mission-integration,simple,vehicle-a-otter,ppo,5,0.00004817744310825489,0,0.021500060411616503
mis-01-waypoint-navigation,mission-integration,simple,vehicle-b-rudder,ppo,5,0.0000072254022187578926,0,0.02150001187201009
mis-01-waypoint-navigation,mission-integration,simple,vehicle-c-azimuth,ppo,5,-0.000019788213230675922,0,0.021500022582782705
mis-02-obstacle-avoidance,mission-integration,simple,vehicle-a-otter,ppo,5,0.00004817744310825489,0,0.021500060411616503
mis-02-obstacle-avoidance,mission-integration,simple,vehicle-b-rudder,ppo,5,0.0000072254022187578926,0,0.02150001187201009
mis-02-obstacle-avoidance,mission-integration,simple,vehicle-c-azimuth,ppo,5,-0.000019788213230675922,0,0.021500022582782705
mis-03-station-keeping,mission-integration,moderate,vehicle-a-otter,ppo,5,0.04578133387166439,0,0.4735030255336251
mis-03-station-keeping,mission-integration,moderate,vehicle-b-rudder,ppo,5,0.5104957592091899,0,0.6266837559820477
mis-03-station-keeping,mission-integration,moderate,vehicle-c-azimuth,ppo,5,-0.0029812879491588617,0,2.15029779295014
mis-04-channel-traversal,mission-integration,moderate,vehicle-a-otter,ppo,5,1.07880440226422,0,2.1880247863220026
mis-04-channel-traversal,mission-integration,moderate,vehicle-b-rudder,ppo,5,2.1066695312587163,0,1.3846032164556439
mis-04-channel-traversal,mission-integration,moderate,vehicle-c-azimuth,ppo,5,0.015644831637648515,0,2.150351773322579
mis-05-changing-weather,mission-integration,moderate,vehicle-a-otter,ppo,5,1.07880440226422,0,2.1880247863220026
mis-05-changing-weather,mission-integration,moderate,vehicle-b-rudder,ppo,5,2.1066695312587163,0,1.3846032164556439
mis-05-changing-weather,mission-integration,moderate,vehicle-c-azimuth,ppo,5,0.015644831637648515,0,2.150351773322579
mis-06-grounded-depth-hazard,mission-integration,complex,vehicle-a-otter,ppo,5,1.0665005225397328,0,2.1878571158753415
mis-06-grounded-depth-hazard,mission-integration,complex,vehicle-b-rudder,ppo,5,3.395083062713515,1,2.014503304156359
mis-06-grounded-depth-hazard,mission-integration,complex,vehicle-c-azimuth,ppo,5,0.024211007736055556,0,2.1503784683599716
