scenario_id,axis,tier,vehicle_id,metric,mean,standard_deviation,min,max,raw_per_seed
man-01-straight-acceleration,maneuvering,simple,vehicle-a-otter,progress_m,-0.6685136693844882,0,-0.6685136693844882,-0.6685136693844882,"[{""seed"":3600,""value"":-0.6685136693844882,""manifest"":""runs/man-01-straight-acceleration__vehicle-a-otter__ppo__seed-3600/manifest.json""},{""seed"":13600,""value"":-0.6685136693844882,""manifest"":""runs/man-01-straight-acceleration__vehicle-a-otter__ppo__seed-13600/manifest.json""},{""seed"":23600,""value"":-0.6685136693844882,""manifest"":""runs/man-01-straight-acceleration__vehicle-a-otter__ppo__seed-23600/manifest.json""},{""seed"":33600,""value"":-0.6685136693844882,""manifest"":""runs/man-01-straight-acceleration__vehicle-a-otter__ppo__seed-33600/manifest.json""},{""seed"":43600,""value"":-0.6685136693844882,""manifest"":""runs/man-01-straight-acceleration__vehicle-a-otter__ppo__seed-43600/manifest.json""}]"
man-01-straight-acceleration,maneuvering,simple,vehicle-b-rudder,progress_m,-20.84321046780861,0,-20.84321046780861,-20.84321046780861,"[{""seed"":3600,""value"":-20.84321046780861,""manifest"":""runs/man-01-straight-acceleration__vehicle-b-rudder__ppo__seed-3600/manifest.json""},{""seed"":13600,""value"":-20.84321046780861,""manifest"":""runs/man-01-straight-acceleration__vehicle-b-rudder__ppo__seed-13600/manifest.json""},{""seed"":23600,""value"":-20.84321046780861,""manifest"":""runs/man-01-straight-acceleration__vehicle-b-rudder__ppo__seed-23600/manifest.json""},{""seed"":33600,""value"":-20.84321046780861,""manifest"":""runs/man-01-straight-acceleration__vehicle-b-rudder__ppo__seed-33600/manifest.json""},{""seed"":43600,""value"":-20.84321046780861,""manifest"":""runs/man-01-straight-acceleration__vehicle-b-rudder__ppo__seed-43600/manifest.json""}]"
man-01-straight-acceleration,maneuvering,simple,vehicle-c-azimuth,progress_m,-0.1772660239358661,0,-0.1772660239358661,-0.1772660239358661,"[{""seed"":3600,""value"":-0.1772660239358661,""manifest"":""runs/man-01-straight-acceleration__vehicle-c-azimuth__ppo__seed-3600/manifest.json""},{""seed"":13600,""value"":-0.1772660239358661,""manifest"":""runs/man-01-straight-acceleration__vehicle-c-azimuth__ppo__seed-13600/manifest.json""},{""seed"":23600,""value"":-0.1772660239358661,""manifest"":""runs/man-01-straight-acceleration__vehicle-c-azimuth__ppo__seed-23600/manifest.json""},{""seed"":33600,""value"":-0.1772660239358661,""manifest"":""runs/man-01-straight-acceleration__vehicle-c-azimuth__ppo__seed-33600/manifest.json""},{""seed"":43600,""value"":-0.1772660239358661,""manifest"":""runs/man-01-straight-acceleration__vehicle-c-azimuth__ppo__seed-43600/manifest.json""}]"
man-02-coast-down,maneuvering,simple,vehicle-a-otter,progress_m,-0.3017705412079419,0,-0.3017705412079419,-0.3017705412079419,"[{""seed"":3601,""value"":-0.3017705412079419,""manifest"":""runs/man-02-coast-down__vehicle-a-otter__ppo__seed-3601/manifest.json""},{""seed"":13601,""value"":-0.3017705412079419,""manifest"":""runs/man-02-coast-down__vehicle-a-otter__ppo__seed-13601/manifest.json""},{""seed"":23601,""value"":-0.3017705412079419,""manifest"":""runs/man-02-coast-down__vehicle-a-otter__ppo__seed-23601/manifest.json""},{""seed"":33601,""value"":-0.3017705412079419,""manifest"":""runs/man-02-coast-down__vehicle-a-otter__ppo__seed-33601/manifest.json""},{""seed"":43601,""value"":-0.3017705412079419,""manifest"":""runs/man-02-coast-down__vehicle-a-otter__ppo__seed-43601/manifest.json""}]"
man-02-coast-down,maneuvering,simple,vehicle-b-rudder,progress_m,-17.079813823065546,0,-17.079813823065546,-17.079813823065546,"[{""seed"":3601,""value"":-17.079813823065546,""manifest"":""runs/man-02-coast-down__vehicle-b-rudder__ppo__seed-3601/manifest.json""},{""seed"":13601,""value"":-17.079813823065546,""manifest"":""runs/man-02-coast-down__vehicle-b-rudder__ppo__seed-13601/manifest.json""},{""seed"":23601,""value"":-17.079813823065546,""manifest"":""runs/man-02-coast-down__vehicle-b-rudder__ppo__seed-23601/manifest.json""},{""seed"":33601,""value"":-17.079813823065546,""manifest"":""runs/man-02-coast-down__vehicle-b-rudder__ppo__seed-33601/manifest.json""},{""seed"":43601,""value"":-17.079813823065546,""manifest"":""runs/man-02-coast-down__vehicle-b-rudder__ppo__seed-43601/manifest.json""}]"
man-02-coast-down,maneuvering,simple,vehicle-c-azimuth,progress_m,-0.1741992619738486,0,-0.1741992619738486,-0.1741992619738486,"[{""seed"":3601,""value"":-0.1741992619738486,""manifest"":""runs/man-02-coast-down__vehicle-c-azimuth__ppo__seed-3601/manifest.json""},{""seed"":13601,""value"":-0.1741992619738486,""manifest"":""runs/man-02-coast-down__vehicle-c-azimuth__ppo__seed-13601/manifest.json""},{""seed"":23601,""value"":-0.1741992619738486,""manifest"":""runs/man-02-coast-down__vehicle-c-azimuth__ppo__seed-23601/manifest.json""},{""seed"":33601,""value"":-0.1741992619738486,""manifest"":""runs/man-02-coast-down__vehicle-c-azimuth__ppo__seed-33601/manifest.json""},{""seed"":43601,""value"":-0.1741992619738486,""manifest"":""runs/man-02-coast-down__vehicle-c-azimuth__ppo__seed-43601/manifest.json""}]"
man-03-turning-circle,maneuvering,moderate,vehicle-a-otter,progress_m,0.08150184322068199,0,0.08150184322068199,0.08150184322068199,"[{""seed"":3602,""value"":0.08150184322068199,""manifest"":""runs/man-03-turning-circle__vehicle-a-otter__ppo__seed-3602/manifest.json""},{""seed"":13602,""value"":0.08150184322068199,""manifest"":""runs/man-03-turning-circle__vehicle-a-otter__ppo__seed-13602/manifest.json""},{""seed"":23602,""value"":0.08150184322068199,""manifest"":""runs/man-03-turning-circle__vehicle-a-otter__ppo__seed-23602/manifest.json""},{""seed"":33602,""value"":0.08150184322068199,""manifest"":""runs/man-03-turning-circle__vehicle-a-otter__ppo__seed-33602/manifest.json""},{""seed"":43602,""value"":0.08150184322068199,""manifest"":""runs/man-03-turning-circle__vehicle-a-otter__ppo__seed-43602/manifest.json""}]"
man-03-turning-circle,maneuvering,moderate,vehicle-b-rudder,progress_m,-4.6453985379726515,0,-4.6453985379726515,-4.6453985379726515,"[{""seed"":3602,""value"":-4.6453985379726515,""manifest"":""runs/man-03-turning-circle__vehicle-b-rudder__ppo__seed-3602/manifest.json""},{""seed"":13602,""value"":-4.6453985379726515,""manifest"":""runs/man-03-turning-circle__vehicle-b-rudder__ppo__seed-13602/manifest.json""},{""seed"":23602,""value"":-4.6453985379726515,""manifest"":""runs/man-03-turning-circle__vehicle-b-rudder__ppo__seed-23602/manifest.json""},{""seed"":33602,""value"":-4.6453985379726515,""manifest"":""runs/man-03-turning-circle__vehicle-b-rudder__ppo__seed-33602/manifest.json""},{""seed"":43602,""value"":-4.6453985379726515,""manifest"":""runs/man-03-turning-circle__vehicle-b-rudder__ppo__seed-43602/manifest.json""}]"
man-03-turning-circle,maneuvering,moderate,vehicle-c-azimuth,progress_m,-0.16909882772915807,0,-0.16909882772915807,-0.16909882772915807,"[{""seed"":3602,""value"":-0.16909882772915807,""manifest"":""runs/man-03-turning-circle__vehicle-c-azimuth__ppo__seed-3602/manifest.json""},{""seed"":13602,""value"":-0.16909882772915807,""manifest"":""runs/man-03-turning-circle__vehicle-c-azimuth__ppo__seed-13602/manifest.json""},{""seed"":23602,""value"":-0.16909882772915807,""manifest"":""runs/man-03-turning-circle__vehicle-c-azimuth__ppo__seed-23602/manifest.json""},{""seed"":33602,""value"":-0.16909882772915807,""manifest"":""runs/man-03-turning-circle__vehicle-c-azimuth__ppo__seed-33602/manifest.json""},{""seed"":43602,""value"":-0.16909882772915807,""manifest"":""runs/man-03-turning-circle__vehicle-c-azimuth__ppo__seed-43602/manifest.json""}]"
man-04-zig-zag,maneuvering,moderate,vehicle-a-otter,progress_m,0.08150184322068199,0,0.08150184322068199,0.08150184322068199,"[{""seed"":3603,""value"":0.08150184322068199,""manifest"":""runs/man-04-zig-zag__vehicle-a-otter__ppo__seed-3603/manifest.json""},{""seed"":13603,""value"":0.08150184322068199,""manifest"":""runs/man-04-zig-zag__vehicle-a-otter__ppo__seed-13603/manifest.json""},{""seed"":23603,""value"":0.08150184322068199,""manifest"":""runs/man-04-zig-zag__vehicle-a-otter__ppo__seed-23603/manifest.json""},{""seed"":33603,""value"":0.08150184322068199,""manifest"":""runs/man-04-zig-zag__vehicle-a-otter__ppo__seed-33603/manifest.json""},{""seed"":43603,""value"":0.08150184322068199,""manifest"":""runs/man-04-zig-zag__vehicle-a-otter__ppo__seed-43603/manifest.json""}]"
man-04-zig-zag,maneuvering,moderate,vehicle-b-rudder,progress_m,-4.6453985379726515,0,-4.6453985379726515,-4.6453985379726515,"[{""seed"":3603,""value"":-4.6453985379726515,""manifest"":""runs/man-04-zig-zag__vehicle-b-rudder__ppo__seed-3603/manifest.json""},{""seed"":13603,""value"":-4.6453985379726515,""manifest"":""runs/man-04-zig-zag__vehicle-b-rudder__ppo__seed-13603/manifest.json""},{""seed"":23603,""value"":-4.6453985379726515,""manifest"":""runs/man-04-zig-zag__vehicle-b-rudder__ppo__seed-23603/manifest.json""},{""seed"":33603,""value"":-4.6453985379726515,""manifest"":""runs/man-04-zig-zag__vehicle-b-rudder__ppo__seed-33603/manifest.json""},{""seed"":43603,""value"":-4.6453985379726515,""manifest"":""runs/man-04-zig-zag__vehicle-b-rudder__ppo__seed-43603/manifest.json""}]"
man-04-zig-zag,maneuvering,moderate,vehicle-c-azimuth,progress_m,-0.16909882772915807,0,-0.16909882772915807,-0.16909882772915807,"[{""seed"":3603,""value"":-0.16909882772915807,""manifest"":""runs/man-04-zig-zag__vehicle-c-azimuth__ppo__seed-3603/manifest.json""},{""seed"":13603,""value"":-0.16909882772915807,""manifest"":""runs/man-04-zig-zag__vehicle-c-azimuth__ppo__seed-13603/manifest.json""},{""seed"":23603,""value"":-0.16909882772915807,""manifest"":""runs/man-04-zig-zag__vehicle-c-azimuth__ppo__seed-23603/manifest.json""},{""seed"":33603,""value"":-0.16909882772915807,""manifest"":""runs/man-04-zig-zag__vehicle-c-azimuth__ppo__seed-33603/manifest.json""},{""seed"":43603,""value"":-0.16909882772915807,""manifest"":""runs/man-04-zig-zag__vehicle-c-azimuth__ppo__seed-43603/manifest.json""}]"
man-05-reverse,maneuvering,moderate,vehicle-a-otter,progress_m,0.34361867601931095,0,0.34361867601931095,0.34361867601931095,"[{""seed"":3604,""value"":0.34361867601931095,""manifest"":""runs/man-05-reverse__vehicle-a-otter__ppo__seed-3604/manifest.json""},{""seed"":13604,""value"":0.34361867601931095,""manifest"":""runs/man-05-reverse__vehicle-a-otter__ppo__seed-13604/manifest.json""},{""seed"":23604,""value"":0.34361867601931095,""manifest"":""runs/man-05-reverse__vehicle-a-otter__ppo__seed-23604/manifest.json""},{""seed"":33604,""value"":0.34361867601931095,""manifest"":""runs/man-05-reverse__vehicle-a-otter__ppo__seed-33604/manifest.json""},{""seed"":43604,""value"":0.34361867601931095,""manifest"":""runs/man-05-reverse__vehicle-a-otter__ppo__seed-43604/manifest.json""}]"
man-05-reverse,maneuvering,moderate,vehicle-b-rudder,progress_m,0.8791420986364376,0,0.8791420986364376,0.8791420986364376,"[{""seed"":3604,""value"":0.8791420986364376,""manifest"":""runs/man-05-reverse__vehicle-b-rudder__ppo__seed-3604/manifest.json""},{""seed"":13604,""value"":0.8791420986364376,""manifest"":""runs/man-05-reverse__vehicle-b-rudder__ppo__seed-13604/manifest.json""},{""seed"":23604,""value"":0.8791420986364376,""manifest"":""runs/man-05-reverse__vehicle-b-rudder__ppo__seed-23604/manifest.json""},{""seed"":33604,""value"":0.8791420986364376,""manifest"":""runs/man-05-reverse__vehicle-b-rudder__ppo__seed-33604/manifest.json""},{""seed"":43604,""value"":0.8791420986364376,""manifest"":""runs/man-05-reverse__vehicle-b-rudder__ppo__seed-43604/manifest.json""}]"
man-05-reverse,maneuvering,moderate,vehicle-c-azimuth,progress_m,-0.10672488770434008,0,-0.10672488770434008,-0.10672488770434008,"[{""seed"":3604,""value"":-0.10672488770434008,""manifest"":""runs/man-05-reverse__vehicle-c-azimuth__ppo__seed-3604/manifest.json""},{""seed"":13604,""value"":-0.10672488770434008,""manifest"":""runs/man-05-reverse__vehicle-c-azimuth__ppo__seed-13604/manifest.json""},{""seed"":23604,""value"":-0.10672488770434008,""manifest"":""runs/man-05-reverse__vehicle-c-azimuth__ppo__seed-23604/manifest.json""},{""seed"":33604,""value"":-0.10672488770434008,""manifest"":""runs/man-05-reverse__vehicle-c-azimuth__ppo__seed-33604/manifest.json""},{""seed"":43604,""value"":-0.10672488770434008,""manifest"":""runs/man-05-reverse__vehicle-c-azimuth__ppo__seed-43604/manifest.json""}]"
man-06-crash-stop,maneuvering,moderate,vehicle-a-otter,progress_m,0.46093426411177063,0,0.46093426411177063,0.46093426411177063,"[{""seed"":3605,""value"":0.46093426411177063,""manifest"":""runs/man-06-crash-stop__vehicle-a-otter__ppo__seed-3605/manifest.json""},{""seed"":13605,""value"":0.46093426411177063,""manifest"":""runs/man-06-crash-stop__vehicle-a-otter__ppo__seed-13605/manifest.json""},{""seed"":23605,""value"":0.46093426411177063,""manifest"":""runs/man-06-crash-stop__vehicle-a-otter__ppo__seed-23605/manifest.json""},{""seed"":33605,""value"":0.46093426411177063,""manifest"":""runs/man-06-crash-stop__vehicle-a-otter__ppo__seed-33605/manifest.json""},{""seed"":43605,""value"":0.46093426411177063,""manifest"":""runs/man-06-crash-stop__vehicle-a-otter__ppo__seed-43605/manifest.json""}]"
man-06-crash-stop,maneuvering,moderate,vehicle-b-rudder,progress_m,2.6491768483982314,0,2.6491768483982314,2.6491768483982314,"[{""seed"":3605,""value"":2.6491768483982314,""manifest"":""runs/man-06-crash-stop__vehicle-b-rudder__ppo__seed-3605/manifest.json""},{""seed"":13605,""value"":2.6491768483982314,""manifest"":""runs/man-06-crash-stop__vehicle-b-rudder__ppo__seed-13605/manifest.json""},{""seed"":23605,""value"":2.6491768483982314,""manifest"":""runs/man-06-crash-stop__vehicle-b-rudder__ppo__seed-23605/manifest.json""},{""seed"":33605,""value"":2.6491768483982314,""manifest"":""runs/man-06-crash-stop__vehicle-b-rudder__ppo__seed-33605/manifest.json""},{""seed"":43605,""value"":2.6491768483982314,""manifest"":""runs/man-06-crash-stop__vehicle-b-rudder__ppo__seed-43605/manifest.json""}]"
man-06-crash-stop,maneuvering,moderate,vehicle-c-azimuth,progress_m,-0.05019711219794587,0,-0.05019711219794587,-0.05019711219794587,"[{""seed"":3605,""value"":-0.05019711219794587,""manifest"":""runs/man-06-crash-stop__vehicle-c-azimuth__ppo__seed-3605/manifest.json""},{""seed"":13605,""value"":-0.05019711219794587,""manifest"":""runs/man-06-crash-stop__vehicle-c-azimuth__ppo__seed-13605/manifest.json""},{""seed"":23605,""value"":-0.05019711219794587,""manifest"":""runs/man-06-crash-stop__vehicle-c-azimuth__ppo__seed-23605/manifest.json""},{""seed"":33605,""value"":-0.05019711219794587,""manifest"":""runs/man-06-crash-stop__vehicle-c-azimuth__ppo__seed-33605/manifest.json""},{""seed"":43605,""value"":-0.05019711219794587,""manifest"":""runs/man-06-crash-stop__vehicle-c-azimuth__ppo__seed-43605/manifest.json""}]"
env-01-beam-current,environment,simple,vehicle-a-otter,progress_m,0.00006864746892887297,0,0.00006864746892887297,0.00006864746892887297,"[{""seed"":3610,""value"":0.00006864746892887297,""manifest"":""runs/env-01-beam-current__vehicle-a-otter__ppo__seed-3610/manifest.json""},{""seed"":13610,""value"":0.00006864746892887297,""manifest"":""runs/env-01-beam-current__vehicle-a-otter__ppo__seed-13610/manifest.json""},{""seed"":23610,""value"":0.00006864746892887297,""manifest"":""runs/env-01-beam-current__vehicle-a-otter__ppo__seed-23610/manifest.json""},{""seed"":33610,""value"":0.00006864746892887297,""manifest"":""runs/env-01-beam-current__vehicle-a-otter__ppo__seed-33610/manifest.json""},{""seed"":43610,""value"":0.00006864746892887297,""manifest"":""runs/env-01-beam-current__vehicle-a-otter__ppo__seed-43610/manifest.json""}]"
env-01-beam-current,environment,simple,vehicle-b-rudder,progress_m,-0.000010571157011529664,0,-0.000010571157011529664,-0.000010571157011529664,"[{""seed"":3610,""value"":-0.000010571157011529664,""manifest"":""runs/env-01-beam-current__vehicle-b-rudder__ppo__seed-3610/manifest.json""},{""seed"":13610,""value"":-0.000010571157011529664,""manifest"":""runs/env-01-beam-current__vehicle-b-rudder__ppo__seed-13610/manifest.json""},{""seed"":23610,""value"":-0.000010571157011529664,""manifest"":""runs/env-01-beam-current__vehicle-b-rudder__ppo__seed-23610/manifest.json""},{""seed"":33610,""value"":-0.000010571157011529664,""manifest"":""runs/env-01-beam-current__vehicle-b-rudder__ppo__seed-33610/manifest.json""},{""seed"":43610,""value"":-0.000010571157011529664,""manifest"":""runs/env-01-beam-current__vehicle-b-rudder__ppo__seed-43610/manifest.json""}]"
env-01-beam-current,environment,simple,vehicle-c-azimuth,progress_m,-0.00002361310312526399,0,-0.00002361310312526399,-0.00002361310312526399,"[{""seed"":3610,""value"":-0.00002361310312526399,""manifest"":""runs/env-01-beam-current__vehicle-c-azimuth__ppo__seed-3610/manifest.json""},{""seed"":13610,""value"":-0.00002361310312526399,""manifest"":""runs/env-01-beam-current__vehicle-c-azimuth__ppo__seed-13610/manifest.json""},{""seed"":23610,""value"":-0.00002361310312526399,""manifest"":""runs/env-01-beam-current__vehicle-c-azimuth__ppo__seed-23610/manifest.json""},{""seed"":33610,""value"":-0.00002361310312526399,""manifest"":""runs/env-01-beam-current__vehicle-c-azimuth__ppo__seed-33610/manifest.json""},{""seed"":43610,""value"":-0.00002361310312526399,""manifest"":""runs/env-01-beam-current__vehicle-c-azimuth__ppo__seed-43610/manifest.json""}]"
env-02-following-current,environment,moderate,vehicle-a-otter,progress_m,0.00003790471056852596,0,0.00003790471056852596,0.00003790471056852596,"[{""seed"":3611,""value"":0.00003790471056852596,""manifest"":""runs/env-02-following-current__vehicle-a-otter__ppo__seed-3611/manifest.json""},{""seed"":13611,""value"":0.00003790471056852596,""manifest"":""runs/env-02-following-current__vehicle-a-otter__ppo__seed-13611/manifest.json""},{""seed"":23611,""value"":0.00003790471056852596,""manifest"":""runs/env-02-following-current__vehicle-a-otter__ppo__seed-23611/manifest.json""},{""seed"":33611,""value"":0.00003790471056852596,""manifest"":""runs/env-02-following-current__vehicle-a-otter__ppo__seed-33611/manifest.json""},{""seed"":43611,""value"":0.00003790471056852596,""manifest"":""runs/env-02-following-current__vehicle-a-otter__ppo__seed-43611/manifest.json""}]"
env-02-following-current,environment,moderate,vehicle-b-rudder,progress_m,0.000008243384399531095,0,0.000008243384399531095,0.000008243384399531095,"[{""seed"":3611,""value"":0.000008243384399531095,""manifest"":""runs/env-02-following-current__vehicle-b-rudder__ppo__seed-3611/manifest.json""},{""seed"":13611,""value"":0.000008243384399531095,""manifest"":""runs/env-02-following-current__vehicle-b-rudder__ppo__seed-13611/manifest.json""},{""seed"":23611,""value"":0.000008243384399531095,""manifest"":""runs/env-02-following-current__vehicle-b-rudder__ppo__seed-23611/manifest.json""},{""seed"":33611,""value"":0.000008243384399531095,""manifest"":""runs/env-02-following-current__vehicle-b-rudder__ppo__seed-33611/manifest.json""},{""seed"":43611,""value"":0.000008243384399531095,""manifest"":""runs/env-02-following-current__vehicle-b-rudder__ppo__seed-43611/manifest.json""}]"
env-02-following-current,environment,moderate,vehicle-c-azimuth,progress_m,-0.0209028714509345,0,-0.0209028714509345,-0.0209028714509345,"[{""seed"":3611,""value"":-0.0209028714509345,""manifest"":""runs/env-02-following-current__vehicle-c-azimuth__ppo__seed-3611/manifest.json""},{""seed"":13611,""value"":-0.0209028714509345,""manifest"":""runs/env-02-following-current__vehicle-c-azimuth__ppo__seed-13611/manifest.json""},{""seed"":23611,""value"":-0.0209028714509345,""manifest"":""runs/env-02-following-current__vehicle-c-azimuth__ppo__seed-23611/manifest.json""},{""seed"":33611,""value"":-0.0209028714509345,""manifest"":""runs/env-02-following-current__vehicle-c-azimuth__ppo__seed-33611/manifest.json""},{""seed"":43611,""value"":-0.0209028714509345,""manifest"":""runs/env-02-following-current__vehicle-c-azimuth__ppo__seed-43611/manifest.json""}]"
env-03-crosswind,environment,moderate,vehicle-a-otter,progress_m,0.00003790471056852596,0,0.00003790471056852596,0.00003790471056852596,"[{""seed"":3612,""value"":0.00003790471056852596,""manifest"":""runs/env-03-crosswind__vehicle-a-otter__ppo__seed-3612/manifest.json""},{""seed"":13612,""value"":0.00003790471056852596,""manifest"":""runs/env-03-crosswind__vehicle-a-otter__ppo__seed-13612/manifest.json""},{""seed"":23612,""value"":0.00003790471056852596,""manifest"":""runs/env-03-crosswind__vehicle-a-otter__ppo__seed-23612/manifest.json""},{""seed"":33612,""value"":0.00003790471056852596,""manifest"":""runs/env-03-crosswind__vehicle-a-otter__ppo__seed-33612/manifest.json""},{""seed"":43612,""value"":0.00003790471056852596,""manifest"":""runs/env-03-crosswind__vehicle-a-otter__ppo__seed-43612/manifest.json""}]"
env-03-crosswind,environment,moderate,vehicle-b-rudder,progress_m,0.000008243384399531095,0,0.000008243384399531095,0.000008243384399531095,"[{""seed"":3612,""value"":0.000008243384399531095,""manifest"":""runs/env-03-crosswind__vehicle-b-rudder__ppo__seed-3612/manifest.json""},{""seed"":13612,""value"":0.000008243384399531095,""manifest"":""runs/env-03-crosswind__vehicle-b-rudder__ppo__seed-13612/manifest.json""},{""seed"":23612,""value"":0.000008243384399531095,""manifest"":""runs/env-03-crosswind__vehicle-b-rudder__ppo__seed-23612/manifest.json""},{""seed"":33612,""value"":0.000008243384399531095,""manifest"":""runs/env-03-crosswind__vehicle-b-rudder__ppo__seed-33612/manifest.json""},{""seed"":43612,""value"":0.000008243384399531095,""manifest"":""runs/env-03-crosswind__vehicle-b-rudder__ppo__seed-43612/manifest.json""}]"
env-03-crosswind,environment,moderate,vehicle-c-azimuth,progress_m,-0.0209028714509345,0,-0.0209028714509345,-0.0209028714509345,"[{""seed"":3612,""value"":-0.0209028714509345,""manifest"":""runs/env-03-crosswind__vehicle-c-azimuth__ppo__seed-3612/manifest.json""},{""seed"":13612,""value"":-0.0209028714509345,""manifest"":""runs/env-03-crosswind__vehicle-c-azimuth__ppo__seed-13612/manifest.json""},{""seed"":23612,""value"":-0.0209028714509345,""manifest"":""runs/env-03-crosswind__vehicle-c-azimuth__ppo__seed-23612/manifest.json""},{""seed"":33612,""value"":-0.0209028714509345,""manifest"":""runs/env-03-crosswind__vehicle-c-azimuth__ppo__seed-33612/manifest.json""},{""seed"":43612,""value"":-0.0209028714509345,""manifest"":""runs/env-03-crosswind__vehicle-c-azimuth__ppo__seed-43612/manifest.json""}]"
env-04-gust-front,environment,moderate,vehicle-a-otter,progress_m,0.38771535351594855,0,0.38771535351594855,0.38771535351594855,"[{""seed"":3613,""value"":0.38771535351594855,""manifest"":""runs/env-04-gust-front__vehicle-a-otter__ppo__seed-3613/manifest.json""},{""seed"":13613,""value"":0.38771535351594855,""manifest"":""runs/env-04-gust-front__vehicle-a-otter__ppo__seed-13613/manifest.json""},{""seed"":23613,""value"":0.38771535351594855,""manifest"":""runs/env-04-gust-front__vehicle-a-otter__ppo__seed-23613/manifest.json""},{""seed"":33613,""value"":0.38771535351594855,""manifest"":""runs/env-04-gust-front__vehicle-a-otter__ppo__seed-33613/manifest.json""},{""seed"":43613,""value"":0.38771535351594855,""manifest"":""runs/env-04-gust-front__vehicle-a-otter__ppo__seed-43613/manifest.json""}]"
env-04-gust-front,environment,moderate,vehicle-b-rudder,progress_m,0.9665627046490698,1.1102230246251565e-16,0.9665627046490699,0.9665627046490699,"[{""seed"":3613,""value"":0.9665627046490699,""manifest"":""runs/env-04-gust-front__vehicle-b-rudder__ppo__seed-3613/manifest.json""},{""seed"":13613,""value"":0.9665627046490699,""manifest"":""runs/env-04-gust-front__vehicle-b-rudder__ppo__seed-13613/manifest.json""},{""seed"":23613,""value"":0.9665627046490699,""manifest"":""runs/env-04-gust-front__vehicle-b-rudder__ppo__seed-23613/manifest.json""},{""seed"":33613,""value"":0.9665627046490699,""manifest"":""runs/env-04-gust-front__vehicle-b-rudder__ppo__seed-33613/manifest.json""},{""seed"":43613,""value"":0.9665627046490699,""manifest"":""runs/env-04-gust-front__vehicle-b-rudder__ppo__seed-43613/manifest.json""}]"
env-04-gust-front,environment,moderate,vehicle-c-azimuth,progress_m,0.004187994959099051,0,0.004187994959099051,0.004187994959099051,"[{""seed"":3613,""value"":0.004187994959099051,""manifest"":""runs/env-04-gust-front__vehicle-c-azimuth__ppo__seed-3613/manifest.json""},{""seed"":13613,""value"":0.004187994959099051,""manifest"":""runs/env-04-gust-front__vehicle-c-azimuth__ppo__seed-13613/manifest.json""},{""seed"":23613,""value"":0.004187994959099051,""manifest"":""runs/env-04-gust-front__vehicle-c-azimuth__ppo__seed-23613/manifest.json""},{""seed"":33613,""value"":0.004187994959099051,""manifest"":""runs/env-04-gust-front__vehicle-c-azimuth__ppo__seed-33613/manifest.json""},{""seed"":43613,""value"":0.004187994959099051,""manifest"":""runs/env-04-gust-front__vehicle-c-azimuth__ppo__seed-43613/manifest.json""}]"
env-05-regular-head-wave,environment,moderate,vehicle-a-otter,progress_m,1.0677526007091807,0,1.0677526007091807,1.0677526007091807,"[{""seed"":3614,""value"":1.0677526007091807,""manifest"":""runs/env-05-regular-head-wave__vehicle-a-otter__ppo__seed-3614/manifest.json""},{""seed"":13614,""value"":1.0677526007091807,""manifest"":""runs/env-05-regular-head-wave__vehicle-a-otter__ppo__seed-13614/manifest.json""},{""seed"":23614,""value"":1.0677526007091807,""manifest"":""runs/env-05-regular-head-wave__vehicle-a-otter__ppo__seed-23614/manifest.json""},{""seed"":33614,""value"":1.0677526007091807,""manifest"":""runs/env-05-regular-head-wave__vehicle-a-otter__ppo__seed-33614/manifest.json""},{""seed"":43614,""value"":1.0677526007091807,""manifest"":""runs/env-05-regular-head-wave__vehicle-a-otter__ppo__seed-43614/manifest.json""}]"
env-05-regular-head-wave,environment,moderate,vehicle-b-rudder,progress_m,2.721419726629275,0,2.721419726629275,2.721419726629275,"[{""seed"":3614,""value"":2.721419726629275,""manifest"":""runs/env-05-regular-head-wave__vehicle-b-rudder__ppo__seed-3614/manifest.json""},{""seed"":13614,""value"":2.721419726629275,""manifest"":""runs/env-05-regular-head-wave__vehicle-b-rudder__ppo__seed-13614/manifest.json""},{""seed"":23614,""value"":2.721419726629275,""manifest"":""runs/env-05-regular-head-wave__vehicle-b-rudder__ppo__seed-23614/manifest.json""},{""seed"":33614,""value"":2.721419726629275,""manifest"":""runs/env-05-regular-head-wave__vehicle-b-rudder__ppo__seed-33614/manifest.json""},{""seed"":43614,""value"":2.721419726629275,""manifest"":""runs/env-05-regular-head-wave__vehicle-b-rudder__ppo__seed-43614/manifest.json""}]"
env-05-regular-head-wave,environment,moderate,vehicle-c-azimuth,progress_m,0.02022708426297104,0,0.02022708426297104,0.02022708426297104,"[{""seed"":3614,""value"":0.02022708426297104,""manifest"":""runs/env-05-regular-head-wave__vehicle-c-azimuth__ppo__seed-3614/manifest.json""},{""seed"":13614,""value"":0.02022708426297104,""manifest"":""runs/env-05-regular-head-wave__vehicle-c-azimuth__ppo__seed-13614/manifest.json""},{""seed"":23614,""value"":0.02022708426297104,""manifest"":""runs/env-05-regular-head-wave__vehicle-c-azimuth__ppo__seed-23614/manifest.json""},{""seed"":33614,""value"":0.02022708426297104,""manifest"":""runs/env-05-regular-head-wave__vehicle-c-azimuth__ppo__seed-33614/manifest.json""},{""seed"":43614,""value"":0.02022708426297104,""manifest"":""runs/env-05-regular-head-wave__vehicle-c-azimuth__ppo__seed-43614/manifest.json""}]"
env-06-combined-wind-current-wave,environment,moderate,vehicle-a-otter,progress_m,1.07880440226422,0,1.07880440226422,1.07880440226422,"[{""seed"":3615,""value"":1.07880440226422,""manifest"":""runs/env-06-combined-wind-current-wave__vehicle-a-otter__ppo__seed-3615/manifest.json""},{""seed"":13615,""value"":1.07880440226422,""manifest"":""runs/env-06-combined-wind-current-wave__vehicle-a-otter__ppo__seed-13615/manifest.json""},{""seed"":23615,""value"":1.07880440226422,""manifest"":""runs/env-06-combined-wind-current-wave__vehicle-a-otter__ppo__seed-23615/manifest.json""},{""seed"":33615,""value"":1.07880440226422,""manifest"":""runs/env-06-combined-wind-current-wave__vehicle-a-otter__ppo__seed-33615/manifest.json""},{""seed"":43615,""value"":1.07880440226422,""manifest"":""runs/env-06-combined-wind-current-wave__vehicle-a-otter__ppo__seed-43615/manifest.json""}]"
env-06-combined-wind-current-wave,environment,moderate,vehicle-b-rudder,progress_m,2.1066695312587163,0,2.1066695312587163,2.1066695312587163,"[{""seed"":3615,""value"":2.1066695312587163,""manifest"":""runs/env-06-combined-wind-current-wave__vehicle-b-rudder__ppo__seed-3615/manifest.json""},{""seed"":13615,""value"":2.1066695312587163,""manifest"":""runs/env-06-combined-wind-current-wave__vehicle-b-rudder__ppo__seed-13615/manifest.json""},{""seed"":23615,""value"":2.1066695312587163,""manifest"":""runs/env-06-combined-wind-current-wave__vehicle-b-rudder__ppo__seed-23615/manifest.json""},{""seed"":33615,""value"":2.1066695312587163,""manifest"":""runs/env-06-combined-wind-current-wave__vehicle-b-rudder__ppo__seed-33615/manifest.json""},{""seed"":43615,""value"":2.1066695312587163,""manifest"":""runs/env-06-combined-wind-current-wave__vehicle-b-rudder__ppo__seed-43615/manifest.json""}]"
env-06-combined-wind-current-wave,environment,moderate,vehicle-c-azimuth,progress_m,0.015644831637648515,0,0.015644831637648515,0.015644831637648515,"[{""seed"":3615,""value"":0.015644831637648515,""manifest"":""runs/env-06-combined-wind-current-wave__vehicle-c-azimuth__ppo__seed-3615/manifest.json""},{""seed"":13615,""value"":0.015644831637648515,""manifest"":""runs/env-06-combined-wind-current-wave__vehicle-c-azimuth__ppo__seed-13615/manifest.json""},{""seed"":23615,""value"":0.015644831637648515,""manifest"":""runs/env-06-combined-wind-current-wave__vehicle-c-azimuth__ppo__seed-23615/manifest.json""},{""seed"":33615,""value"":0.015644831637648515,""manifest"":""runs/env-06-combined-wind-current-wave__vehicle-c-azimuth__ppo__seed-33615/manifest.json""},{""seed"":43615,""value"":0.015644831637648515,""manifest"":""runs/env-06-combined-wind-current-wave__vehicle-c-azimuth__ppo__seed-43615/manifest.json""}]"
sen-01-clear,sensing,simple,vehicle-a-otter,progress_m,0.00004817744310825489,0,0.00004817744310825489,0.00004817744310825489,"[{""seed"":3620,""value"":0.00004817744310825489,""manifest"":""runs/sen-01-clear__vehicle-a-otter__ppo__seed-3620/manifest.json""},{""seed"":13620,""value"":0.00004817744310825489,""manifest"":""runs/sen-01-clear__vehicle-a-otter__ppo__seed-13620/manifest.json""},{""seed"":23620,""value"":0.00004817744310825489,""manifest"":""runs/sen-01-clear__vehicle-a-otter__ppo__seed-23620/manifest.json""},{""seed"":33620,""value"":0.00004817744310825489,""manifest"":""runs/sen-01-clear__vehicle-a-otter__ppo__seed-33620/manifest.json""},{""seed"":43620,""value"":0.00004817744310825489,""manifest"":""runs/sen-01-clear__vehicle-a-otter__ppo__seed-43620/manifest.json""}]"
sen-01-clear,sensing,simple,vehicle-b-rudder,progress_m,0.0000072254022187578926,0,0.0000072254022187578926,0.0000072254022187578926,"[{""seed"":3620,""value"":0.0000072254022187578926,""manifest"":""runs/sen-01-clear__vehicle-b-rudder__ppo__seed-3620/manifest.json""},{""seed"":13620,""value"":0.0000072254022187578926,""manifest"":""runs/sen-01-clear__vehicle-b-rudder__ppo__seed-13620/manifest.json""},{""seed"":23620,""value"":0.0000072254022187578926,""manifest"":""runs/sen-01-clear__vehicle-b-rudder__ppo__seed-23620/manifest.json""},{""seed"":33620,""value"":0.0000072254022187578926,""manifest"":""runs/sen-01-clear__vehicle-b-rudder__ppo__seed-33620/manifest.json""},{""seed"":43620,""value"":0.0000072254022187578926,""manifest"":""runs/sen-01-clear__vehicle-b-rudder__ppo__seed-43620/manifest.json""}]"
sen-01-clear,sensing,simple,vehicle-c-azimuth,progress_m,-0.000019788213230675922,0,-0.000019788213230675922,-0.000019788213230675922,"[{""seed"":3620,""value"":-0.000019788213230675922,""manifest"":""runs/sen-01-clear__vehicle-c-azimuth__ppo__seed-3620/manifest.json""},{""seed"":13620,""value"":-0.000019788213230675922,""manifest"":""runs/sen-01-clear__vehicle-c-azimuth__ppo__seed-13620/manifest.json""},{""seed"":23620,""value"":-0.000019788213230675922,""manifest"":""runs/sen-01-clear__vehicle-c-azimuth__ppo__seed-23620/manifest.json""},{""seed"":33620,""value"":-0.000019788213230675922,""manifest"":""runs/sen-01-clear__vehicle-c-azimuth__ppo__seed-33620/manifest.json""},{""seed"":43620,""value"":-0.000019788213230675922,""manifest"":""runs/sen-01-clear__vehicle-c-azimuth__ppo__seed-43620/manifest.json""}]"
sen-02-dense-fog,sensing,simple,vehicle-a-otter,progress_m,0.00004817744310825489,0,0.00004817744310825489,0.00004817744310825489,"[{""seed"":3621,""value"":0.00004817744310825489,""manifest"":""runs/sen-02-dense-fog__vehicle-a-otter__ppo__seed-3621/manifest.json""},{""seed"":13621,""value"":0.00004817744310825489,""manifest"":""runs/sen-02-dense-fog__vehicle-a-otter__ppo__seed-13621/manifest.json""},{""seed"":23621,""value"":0.00004817744310825489,""manifest"":""runs/sen-02-dense-fog__vehicle-a-otter__ppo__seed-23621/manifest.json""},{""seed"":33621,""value"":0.00004817744310825489,""manifest"":""runs/sen-02-dense-fog__vehicle-a-otter__ppo__seed-33621/manifest.json""},{""seed"":43621,""value"":0.00004817744310825489,""manifest"":""runs/sen-02-dense-fog__vehicle-a-otter__ppo__seed-43621/manifest.json""}]"
sen-02-dense-fog,sensing,simple,vehicle-b-rudder,progress_m,0.0000072254022187578926,0,0.0000072254022187578926,0.0000072254022187578926,"[{""seed"":3621,""value"":0.0000072254022187578926,""manifest"":""runs/sen-02-dense-fog__vehicle-b-rudder__ppo__seed-3621/manifest.json""},{""seed"":13621,""value"":0.0000072254022187578926,""manifest"":""runs/sen-02-dense-fog__vehicle-b-rudder__ppo__seed-13621/manifest.json""},{""seed"":23621,""value"":0.0000072254022187578926,""manifest"":""runs/sen-02-dense-fog__vehicle-b-rudder__ppo__seed-23621/manifest.json""},{""seed"":33621,""value"":0.0000072254022187578926,""manifest"":""runs/sen-02-dense-fog__vehicle-b-rudder__ppo__seed-33621/manifest.json""},{""seed"":43621,""value"":0.0000072254022187578926,""manifest"":""runs/sen-02-dense-fog__vehicle-b-rudder__ppo__seed-43621/manifest.json""}]"
sen-02-dense-fog,sensing,simple,vehicle-c-azimuth,progress_m,-0.000019788213230675922,0,-0.000019788213230675922,-0.000019788213230675922,"[{""seed"":3621,""value"":-0.000019788213230675922,""manifest"":""runs/sen-02-dense-fog__vehicle-c-azimuth__ppo__seed-3621/manifest.json""},{""seed"":13621,""value"":-0.000019788213230675922,""manifest"":""runs/sen-02-dense-fog__vehicle-c-azimuth__ppo__seed-13621/manifest.json""},{""seed"":23621,""value"":-0.000019788213230675922,""manifest"":""runs/sen-02-dense-fog__vehicle-c-azimuth__ppo__seed-23621/manifest.json""},{""seed"":33621,""value"":-0.000019788213230675922,""manifest"":""runs/sen-02-dense-fog__vehicle-c-azimuth__ppo__seed-33621/manifest.json""},{""seed"":43621,""value"":-0.000019788213230675922,""manifest"":""runs/sen-02-dense-fog__vehicle-c-azimuth__ppo__seed-43621/manifest.json""}]"
sen-03-heavy-rain,sensing,moderate,vehicle-a-otter,progress_m,0.04578133387166439,0,0.04578133387166439,0.04578133387166439,"[{""seed"":3622,""value"":0.04578133387166439,""manifest"":""runs/sen-03-heavy-rain__vehicle-a-otter__ppo__seed-3622/manifest.json""},{""seed"":13622,""value"":0.04578133387166439,""manifest"":""runs/sen-03-heavy-rain__vehicle-a-otter__ppo__seed-13622/manifest.json""},{""seed"":23622,""value"":0.04578133387166439,""manifest"":""runs/sen-03-heavy-rain__vehicle-a-otter__ppo__seed-23622/manifest.json""},{""seed"":33622,""value"":0.04578133387166439,""manifest"":""runs/sen-03-heavy-rain__vehicle-a-otter__ppo__seed-33622/manifest.json""},{""seed"":43622,""value"":0.04578133387166439,""manifest"":""runs/sen-03-heavy-rain__vehicle-a-otter__ppo__seed-43622/manifest.json""}]"
sen-03-heavy-rain,sensing,moderate,vehicle-b-rudder,progress_m,0.5104957592091899,0,0.5104957592091899,0.5104957592091899,"[{""seed"":3622,""value"":0.5104957592091899,""manifest"":""runs/sen-03-heavy-rain__vehicle-b-rudder__ppo__seed-3622/manifest.json""},{""seed"":13622,""value"":0.5104957592091899,""manifest"":""runs/sen-03-heavy-rain__vehicle-b-rudder__ppo__seed-13622/manifest.json""},{""seed"":23622,""value"":0.5104957592091899,""manifest"":""runs/sen-03-heavy-rain__vehicle-b-rudder__ppo__seed-23622/manifest.json""},{""seed"":33622,""value"":0.5104957592091899,""manifest"":""runs/sen-03-heavy-rain__vehicle-b-rudder__ppo__seed-33622/manifest.json""},{""seed"":43622,""value"":0.5104957592091899,""manifest"":""runs/sen-03-heavy-rain__vehicle-b-rudder__ppo__seed-43622/manifest.json""}]"
sen-03-heavy-rain,sensing,moderate,vehicle-c-azimuth,progress_m,-0.0029812879491588617,0,-0.0029812879491588617,-0.0029812879491588617,"[{""seed"":3622,""value"":-0.0029812879491588617,""manifest"":""runs/sen-03-heavy-rain__vehicle-c-azimuth__ppo__seed-3622/manifest.json""},{""seed"":13622,""value"":-0.0029812879491588617,""manifest"":""runs/sen-03-heavy-rain__vehicle-c-azimuth__ppo__seed-13622/manifest.json""},{""seed"":23622,""value"":-0.0029812879491588617,""manifest"":""runs/sen-03-heavy-rain__vehicle-c-azimuth__ppo__seed-23622/manifest.json""},{""seed"":33622,""value"":-0.0029812879491588617,""manifest"":""runs/sen-03-heavy-rain__vehicle-c-azimuth__ppo__seed-33622/manifest.json""},{""seed"":43622,""value"":-0.0029812879491588617,""manifest"":""runs/sen-03-heavy-rain__vehicle-c-azimuth__ppo__seed-43622/manifest.json""}]"
sen-04-low-light,sensing,moderate,vehicle-a-otter,progress_m,1.07880440226422,0,1.07880440226422,1.07880440226422,"[{""seed"":3623,""value"":1.07880440226422,""manifest"":""runs/sen-04-low-light__vehicle-a-otter__ppo__seed-3623/manifest.json""},{""seed"":13623,""value"":1.07880440226422,""manifest"":""runs/sen-04-low-light__vehicle-a-otter__ppo__seed-13623/manifest.json""},{""seed"":23623,""value"":1.07880440226422,""manifest"":""runs/sen-04-low-light__vehicle-a-otter__ppo__seed-23623/manifest.json""},{""seed"":33623,""value"":1.07880440226422,""manifest"":""runs/sen-04-low-light__vehicle-a-otter__ppo__seed-33623/manifest.json""},{""seed"":43623,""value"":1.07880440226422,""manifest"":""runs/sen-04-low-light__vehicle-a-otter__ppo__seed-43623/manifest.json""}]"
sen-04-low-light,sensing,moderate,vehicle-b-rudder,progress_m,2.1066695312587163,0,2.1066695312587163,2.1066695312587163,"[{""seed"":3623,""value"":2.1066695312587163,""manifest"":""runs/sen-04-low-light__vehicle-b-rudder__ppo__seed-3623/manifest.json""},{""seed"":13623,""value"":2.1066695312587163,""manifest"":""runs/sen-04-low-light__vehicle-b-rudder__ppo__seed-13623/manifest.json""},{""seed"":23623,""value"":2.1066695312587163,""manifest"":""runs/sen-04-low-light__vehicle-b-rudder__ppo__seed-23623/manifest.json""},{""seed"":33623,""value"":2.1066695312587163,""manifest"":""runs/sen-04-low-light__vehicle-b-rudder__ppo__seed-33623/manifest.json""},{""seed"":43623,""value"":2.1066695312587163,""manifest"":""runs/sen-04-low-light__vehicle-b-rudder__ppo__seed-43623/manifest.json""}]"
sen-04-low-light,sensing,moderate,vehicle-c-azimuth,progress_m,0.015644831637648515,0,0.015644831637648515,0.015644831637648515,"[{""seed"":3623,""value"":0.015644831637648515,""manifest"":""runs/sen-04-low-light__vehicle-c-azimuth__ppo__seed-3623/manifest.json""},{""seed"":13623,""value"":0.015644831637648515,""manifest"":""runs/sen-04-low-light__vehicle-c-azimuth__ppo__seed-13623/manifest.json""},{""seed"":23623,""value"":0.015644831637648515,""manifest"":""runs/sen-04-low-light__vehicle-c-azimuth__ppo__seed-23623/manifest.json""},{""seed"":33623,""value"":0.015644831637648515,""manifest"":""runs/sen-04-low-light__vehicle-c-azimuth__ppo__seed-33623/manifest.json""},{""seed"":43623,""value"":0.015644831637648515,""manifest"":""runs/sen-04-low-light__vehicle-c-azimuth__ppo__seed-43623/manifest.json""}]"
sen-05-gps-denial,sensing,moderate,vehicle-a-otter,progress_m,1.07880440226422,0,1.07880440226422,1.07880440226422,"[{""seed"":3624,""value"":1.07880440226422,""manifest"":""runs/sen-05-gps-denial__vehicle-a-otter__ppo__seed-3624/manifest.json""},{""seed"":13624,""value"":1.07880440226422,""manifest"":""runs/sen-05-gps-denial__vehicle-a-otter__ppo__seed-13624/manifest.json""},{""seed"":23624,""value"":1.07880440226422,""manifest"":""runs/sen-05-gps-denial__vehicle-a-otter__ppo__seed-23624/manifest.json""},{""seed"":33624,""value"":1.07880440226422,""manifest"":""runs/sen-05-gps-denial__vehicle-a-otter__ppo__seed-33624/manifest.json""},{""seed"":43624,""value"":1.07880440226422,""manifest"":""runs/sen-05-gps-denial__vehicle-a-otter__ppo__seed-43624/manifest.json""}]"
sen-05-gps-denial,sensing,moderate,vehicle-b-rudder,progress_m,2.1066695312587163,0,2.1066695312587163,2.1066695312587163,"[{""seed"":3624,""value"":2.1066695312587163,""manifest"":""runs/sen-05-gps-denial__vehicle-b-rudder__ppo__seed-3624/manifest.json""},{""seed"":13624,""value"":2.1066695312587163,""manifest"":""runs/sen-05-gps-denial__vehicle-b-rudder__ppo__seed-13624/manifest.json""},{""seed"":23624,""value"":2.1066695312587163,""manifest"":""runs/sen-05-gps-denial__vehicle-b-rudder__ppo__seed-23624/manifest.json""},{""seed"":33624,""value"":2.1066695312587163,""manifest"":""runs/sen-05-gps-denial__vehicle-b-rudder__ppo__seed-33624/manifest.json""},{""seed"":43624,""value"":2.1066695312587163,""manifest"":""runs/sen-05-gps-denial__vehicle-b-rudder__ppo__seed-43624/manifest.json""}]"
sen-05-gps-denial,sensing,moderate,vehicle-c-azimuth,progress_m,0.015644831637648515,0,0.015644831637648515,0.015644831637648515,"[{""seed"":3624,""value"":0.015644831637648515,""manifest"":""runs/sen-05-gps-denial__vehicle-c-azimuth__ppo__seed-3624/manifest.json""},{""seed"":13624,""value"":0.015644831637648515,""manifest"":""runs/sen-05-gps-denial__vehicle-c-azimuth__ppo__seed-13624/manifest.json""},{""seed"":23624,""value"":0.015644831637648515,""manifest"":""runs/sen-05-gps-denial__vehicle-c-azimuth__ppo__seed-23624/manifest.json""},{""seed"":33624,""value"":0.015644831637648515,""manifest"":""runs/sen-05-gps-denial__vehicle-c-azimuth__ppo__seed-33624/manifest.json""},{""seed"":43624,""value"":0.015644831637648515,""manifest"":""runs/sen-05-gps-denial__vehicle-c-azimuth__ppo__seed-43624/manifest.json""}]"
sen-06-sensor-failure,sensing,complex,vehicle-a-otter,progress_m,1.0665005225397328,0,1.0665005225397328,1.0665005225397328,"[{""seed"":3625,""value"":1.0665005225397328,""manifest"":""runs/sen-06-sensor-failure__vehicle-a-otter__ppo__seed-3625/manifest.json""},{""seed"":13625,""value"":1.0665005225397328,""manifest"":""runs/sen-06-sensor-failure__vehicle-a-otter__ppo__seed-13625/manifest.json""},{""seed"":23625,""value"":1.0665005225397328,""manifest"":""runs/sen-06-sensor-failure__vehicle-a-otter__ppo__seed-23625/manifest.json""},{""seed"":33625,""value"":1.0665005225397328,""manifest"":""runs/sen-06-sensor-failure__vehicle-a-otter__ppo__seed-33625/manifest.json""},{""seed"":43625,""value"":1.0665005225397328,""manifest"":""runs/sen-06-sensor-failure__vehicle-a-otter__ppo__seed-43625/manifest.json""}]"
sen-06-sensor-failure,sensing,complex,vehicle-b-rudder,progress_m,3.395083062713515,0,3.395083062713515,3.395083062713515,"[{""seed"":3625,""value"":3.395083062713515,""manifest"":""runs/sen-06-sensor-failure__vehicle-b-rudder__ppo__seed-3625/manifest.json""},{""seed"":13625,""value"":3.395083062713515,""manifest"":""runs/sen-06-sensor-failure__vehicle-b-rudder__ppo__seed-13625/manifest.json""},{""seed"":23625,""value"":3.395083062713515,""manifest"":""runs/sen-06-sensor-failure__vehicle-b-rudder__ppo__seed-23625/manifest.json""},{""seed"":33625,""value"":3.395083062713515,""manifest"":""runs/sen-06-sensor-failure__vehicle-b-rudder__ppo__seed-33625/manifest.json""},{""seed"":43625,""value"":3.395083062713515,""manifest"":""runs/sen-06-sensor-failure__vehicle-b-rudder__ppo__seed-43625/manifest.json""}]"
sen-06-sensor-failure,sensing,complex,vehicle-c-azimuth,progress_m,0.024211007736055556,0,0.024211007736055556,0.024211007736055556,"[{""seed"":3625,""value"":0.024211007736055556,""manifest"":""runs/sen-06-sensor-failure__vehicle-c-azimuth__ppo__seed-3625/manifest.json""},{""seed"":13625,""value"":0.024211007736055556,""manifest"":""runs/sen-06-sensor-failure__vehicle-c-azimuth__ppo__seed-13625/manifest.json""},{""seed"":23625,""value"":0.024211007736055556,""manifest"":""runs/sen-06-sensor-failure__vehicle-c-azimuth__ppo__seed-23625/manifest.json""},{""seed"":33625,""value"":0.024211007736055556,""manifest"":""runs/sen-06-sensor-failure__vehicle-c-azimuth__ppo__seed-33625/manifest.json""},{""seed"":43625,""value"":0.024211007736055556,""manifest"":""runs/sen-06-sensor-failure__vehicle-c-azimuth__ppo__seed-43625/manifest.json""}]"
res-01-limited-battery,resources,simple,vehicle-a-otter,progress_m,0.00007994014954904038,0,0.00007994014954904038,0.00007994014954904038,"[{""seed"":3630,""value"":0.00007994014954904038,""manifest"":""runs/res-01-limited-battery__vehicle-a-otter__ppo__seed-3630/manifest.json""},{""seed"":13630,""value"":0.00007994014954904038,""manifest"":""runs/res-01-limited-battery__vehicle-a-otter__ppo__seed-13630/manifest.json""},{""seed"":23630,""value"":0.00007994014954904038,""manifest"":""runs/res-01-limited-battery__vehicle-a-otter__ppo__seed-23630/manifest.json""},{""seed"":33630,""value"":0.00007994014954904038,""manifest"":""runs/res-01-limited-battery__vehicle-a-otter__ppo__seed-33630/manifest.json""},{""seed"":43630,""value"":0.00007994014954904038,""manifest"":""runs/res-01-limited-battery__vehicle-a-otter__ppo__seed-43630/manifest.json""}]"
res-01-limited-battery,resources,simple,vehicle-b-rudder,progress_m,-0.000010640780583326404,0,-0.000010640780583326404,-0.000010640780583326404,"[{""seed"":3630,""value"":-0.000010640780583326404,""manifest"":""runs/res-01-limited-battery__vehicle-b-rudder__ppo__seed-3630/manifest.json""},{""seed"":13630,""value"":-0.000010640780583326404,""manifest"":""runs/res-01-limited-battery__vehicle-b-rudder__ppo__seed-13630/manifest.json""},{""seed"":23630,""value"":-0.000010640780583326404,""manifest"":""runs/res-01-limited-battery__vehicle-b-rudder__ppo__seed-23630/manifest.json""},{""seed"":33630,""value"":-0.000010640780583326404,""manifest"":""runs/res-01-limited-battery__vehicle-b-rudder__ppo__seed-33630/manifest.json""},{""seed"":43630,""value"":-0.000010640780583326404,""manifest"":""runs/res-01-limited-battery__vehicle-b-rudder__ppo__seed-43630/manifest.json""}]"
res-01-limited-battery,resources,simple,vehicle-c-azimuth,progress_m,-0.000024930935182521097,0,-0.000024930935182521097,-0.000024930935182521097,"[{""seed"":3630,""value"":-0.000024930935182521097,""manifest"":""runs/res-01-limited-battery__vehicle-c-azimuth__ppo__seed-3630/manifest.json""},{""seed"":13630,""value"":-0.000024930935182521097,""manifest"":""runs/res-01-limited-battery__vehicle-c-azimuth__ppo__seed-13630/manifest.json""},{""seed"":23630,""value"":-0.000024930935182521097,""manifest"":""runs/res-01-limited-battery__vehicle-c-azimuth__ppo__seed-23630/manifest.json""},{""seed"":33630,""value"":-0.000024930935182521097,""manifest"":""runs/res-01-limited-battery__vehicle-c-azimuth__ppo__seed-33630/manifest.json""},{""seed"":43630,""value"":-0.000024930935182521097,""manifest"":""runs/res-01-limited-battery__vehicle-c-azimuth__ppo__seed-43630/manifest.json""}]"
res-02-high-sensor-power,resources,simple,vehicle-a-otter,progress_m,0.000057685804351059744,0,0.000057685804351059744,0.000057685804351059744,"[{""seed"":3631,""value"":0.000057685804351059744,""manifest"":""runs/res-02-high-sensor-power__vehicle-a-otter__ppo__seed-3631/manifest.json""},{""seed"":13631,""value"":0.000057685804351059744,""manifest"":""runs/res-02-high-sensor-power__vehicle-a-otter__ppo__seed-13631/manifest.json""},{""seed"":23631,""value"":0.000057685804351059744,""manifest"":""runs/res-02-high-sensor-power__vehicle-a-otter__ppo__seed-23631/manifest.json""},{""seed"":33631,""value"":0.000057685804351059744,""manifest"":""runs/res-02-high-sensor-power__vehicle-a-otter__ppo__seed-33631/manifest.json""},{""seed"":43631,""value"":0.000057685804351059744,""manifest"":""runs/res-02-high-sensor-power__vehicle-a-otter__ppo__seed-43631/manifest.json""}]"
res-02-high-sensor-power,resources,simple,vehicle-b-rudder,progress_m,-0.000008464580909528507,0,-0.000008464580909528507,-0.000008464580909528507,"[{""seed"":3631,""value"":-0.000008464580909528507,""manifest"":""runs/res-02-high-sensor-power__vehicle-b-rudder__ppo__seed-3631/manifest.json""},{""seed"":13631,""value"":-0.000008464580909528507,""manifest"":""runs/res-02-high-sensor-power__vehicle-b-rudder__ppo__seed-13631/manifest.json""},{""seed"":23631,""value"":-0.000008464580909528507,""manifest"":""runs/res-02-high-sensor-power__vehicle-b-rudder__ppo__seed-23631/manifest.json""},{""seed"":33631,""value"":-0.000008464580909528507,""manifest"":""runs/res-02-high-sensor-power__vehicle-b-rudder__ppo__seed-33631/manifest.json""},{""seed"":43631,""value"":-0.000008464580909528507,""manifest"":""runs/res-02-high-sensor-power__vehicle-b-rudder__ppo__seed-43631/manifest.json""}]"
res-02-high-sensor-power,resources,simple,vehicle-c-azimuth,progress_m,-0.000021791294592787835,0,-0.000021791294592787835,-0.000021791294592787835,"[{""seed"":3631,""value"":-0.000021791294592787835,""manifest"":""runs/res-02-high-sensor-power__vehicle-c-azimuth__ppo__seed-3631/manifest.json""},{""seed"":13631,""value"":-0.000021791294592787835,""manifest"":""runs/res-02-high-sensor-power__vehicle-c-azimuth__ppo__seed-13631/manifest.json""},{""seed"":23631,""value"":-0.000021791294592787835,""manifest"":""runs/res-02-high-sensor-power__vehicle-c-azimuth__ppo__seed-23631/manifest.json""},{""seed"":33631,""value"":-0.000021791294592787835,""manifest"":""runs/res-02-high-sensor-power__vehicle-c-azimuth__ppo__seed-33631/manifest.json""},{""seed"":43631,""value"":-0.000021791294592787835,""manifest"":""runs/res-02-high-sensor-power__vehicle-c-azimuth__ppo__seed-43631/manifest.json""}]"
res-03-switching-penalty,resources,moderate,vehicle-a-otter,progress_m,0.00002766002334242401,0,0.00002766002334242401,0.00002766002334242401,"[{""seed"":3632,""value"":0.00002766002334242401,""manifest"":""runs/res-03-switching-penalty__vehicle-a-otter__ppo__seed-3632/manifest.json""},{""seed"":13632,""value"":0.00002766002334242401,""manifest"":""runs/res-03-switching-penalty__vehicle-a-otter__ppo__seed-13632/manifest.json""},{""seed"":23632,""value"":0.00002766002334242401,""manifest"":""runs/res-03-switching-penalty__vehicle-a-otter__ppo__seed-23632/manifest.json""},{""seed"":33632,""value"":0.00002766002334242401,""manifest"":""runs/res-03-switching-penalty__vehicle-a-otter__ppo__seed-33632/manifest.json""},{""seed"":43632,""value"":0.00002766002334242401,""manifest"":""runs/res-03-switching-penalty__vehicle-a-otter__ppo__seed-43632/manifest.json""}]"
res-03-switching-penalty,resources,moderate,vehicle-b-rudder,progress_m,0.13628412504045828,0,0.13628412504045828,0.13628412504045828,"[{""seed"":3632,""value"":0.13628412504045828,""manifest"":""runs/res-03-switching-penalty__vehicle-b-rudder__ppo__seed-3632/manifest.json""},{""seed"":13632,""value"":0.13628412504045828,""manifest"":""runs/res-03-switching-penalty__vehicle-b-rudder__ppo__seed-13632/manifest.json""},{""seed"":23632,""value"":0.13628412504045828,""manifest"":""runs/res-03-switching-penalty__vehicle-b-rudder__ppo__seed-23632/manifest.json""},{""seed"":33632,""value"":0.13628412504045828,""manifest"":""runs/res-03-switching-penalty__vehicle-b-rudder__ppo__seed-33632/manifest.json""},{""seed"":43632,""value"":0.13628412504045828,""manifest"":""runs/res-03-switching-penalty__vehicle-b-rudder__ppo__seed-43632/manifest.json""}]"
res-03-switching-penalty,resources,moderate,vehicle-c-azimuth,progress_m,-0.011313395047139796,0,-0.011313395047139796,-0.011313395047139796,"[{""seed"":3632,""value"":-0.011313395047139796,""manifest"":""runs/res-03-switching-penalty__vehicle-c-azimuth__ppo__seed-3632/manifest.json""},{""seed"":13632,""value"":-0.011313395047139796,""manifest"":""runs/res-03-switching-penalty__vehicle-c-azimuth__ppo__seed-13632/manifest.json""},{""seed"":23632,""value"":-0.011313395047139796,""manifest"":""runs/res-03-switching-penalty__vehicle-c-azimuth__ppo__seed-23632/manifest.json""},{""seed"":33632,""value"":-0.011313395047139796,""manifest"":""runs/res-03-switching-penalty__vehicle-c-azimuth__ppo__seed-33632/manifest.json""},{""seed"":43632,""value"":-0.011313395047139796,""manifest"":""runs/res-03-switching-penalty__vehicle-c-azimuth__ppo__seed-43632/manifest.json""}]"
res-04-bandwidth-budget,resources,moderate,vehicle-a-otter,progress_m,0.00002766002334242401,0,0.00002766002334242401,0.00002766002334242401,"[{""seed"":3633,""value"":0.00002766002334242401,""manifest"":""runs/res-04-bandwidth-budget__vehicle-a-otter__ppo__seed-3633/manifest.json""},{""seed"":13633,""value"":0.00002766002334242401,""manifest"":""runs/res-04-bandwidth-budget__vehicle-a-otter__ppo__seed-13633/manifest.json""},{""seed"":23633,""value"":0.00002766002334242401,""manifest"":""runs/res-04-bandwidth-budget__vehicle-a-otter__ppo__seed-23633/manifest.json""},{""seed"":33633,""value"":0.00002766002334242401,""manifest"":""runs/res-04-bandwidth-budget__vehicle-a-otter__ppo__seed-33633/manifest.json""},{""seed"":43633,""value"":0.00002766002334242401,""manifest"":""runs/res-04-bandwidth-budget__vehicle-a-otter__ppo__seed-43633/manifest.json""}]"
res-04-bandwidth-budget,resources,moderate,vehicle-b-rudder,progress_m,0.13628412504045828,0,0.13628412504045828,0.13628412504045828,"[{""seed"":3633,""value"":0.13628412504045828,""manifest"":""runs/res-04-bandwidth-budget__vehicle-b-rudder__ppo__seed-3633/manifest.json""},{""seed"":13633,""value"":0.13628412504045828,""manifest"":""runs/res-04-bandwidth-budget__vehicle-b-rudder__ppo__seed-13633/manifest.json""},{""seed"":23633,""value"":0.13628412504045828,""manifest"":""runs/res-04-bandwidth-budget__vehicle-b-rudder__ppo__seed-23633/manifest.json""},{""seed"":33633,""value"":0.13628412504045828,""manifest"":""runs/res-04-bandwidth-budget__vehicle-b-rudder__ppo__seed-33633/manifest.json""},{""seed"":43633,""value"":0.13628412504045828,""manifest"":""runs/res-04-bandwidth-budget__vehicle-b-rudder__ppo__seed-43633/manifest.json""}]"
res-04-bandwidth-budget,resources,moderate,vehicle-c-azimuth,progress_m,-0.011313395047139796,0,-0.011313395047139796,-0.011313395047139796,"[{""seed"":3633,""value"":-0.011313395047139796,""manifest"":""runs/res-04-bandwidth-budget__vehicle-c-azimuth__ppo__seed-3633/manifest.json""},{""seed"":13633,""value"":-0.011313395047139796,""manifest"":""runs/res-04-bandwidth-budget__vehicle-c-azimuth__ppo__seed-13633/manifest.json""},{""seed"":23633,""value"":-0.011313395047139796,""manifest"":""runs/res-04-bandwidth-budget__vehicle-c-azimuth__ppo__seed-23633/manifest.json""},{""seed"":33633,""value"":-0.011313395047139796,""manifest"":""runs/res-04-bandwidth-budget__vehicle-c-azimuth__ppo__seed-33633/manifest.json""},{""seed"":43633,""value"":-0.011313395047139796,""manifest"":""runs/res-04-bandwidth-budget__vehicle-c-azimuth__ppo__seed-43633/manifest.json""}]"
res-05-compute-budget,resources,moderate,vehicle-a-otter,progress_m,0.7372331598983832,0,0.7372331598983832,0.7372331598983832,"[{""seed"":3634,""value"":0.7372331598983832,""manifest"":""runs/res-05-compute-budget__vehicle-a-otter__ppo__seed-3634/manifest.json""},{""seed"":13634,""value"":0.7372331598983832,""manifest"":""runs/res-05-compute-budget__vehicle-a-otter__ppo__seed-13634/manifest.json""},{""seed"":23634,""value"":0.7372331598983832,""manifest"":""runs/res-05-compute-budget__vehicle-a-otter__ppo__seed-23634/manifest.json""},{""seed"":33634,""value"":0.7372331598983832,""manifest"":""runs/res-05-compute-budget__vehicle-a-otter__ppo__seed-33634/manifest.json""},{""seed"":43634,""value"":0.7372331598983832,""manifest"":""runs/res-05-compute-budget__vehicle-a-otter__ppo__seed-43634/manifest.json""}]"
res-05-compute-budget,resources,moderate,vehicle-b-rudder,progress_m,1.5081138510104446,0,1.5081138510104446,1.5081138510104446,"[{""seed"":3634,""value"":1.5081138510104446,""manifest"":""runs/res-05-compute-budget__vehicle-b-rudder__ppo__seed-3634/manifest.json""},{""seed"":13634,""value"":1.5081138510104446,""manifest"":""runs/res-05-compute-budget__vehicle-b-rudder__ppo__seed-13634/manifest.json""},{""seed"":23634,""value"":1.5081138510104446,""manifest"":""runs/res-05-compute-budget__vehicle-b-rudder__ppo__seed-23634/manifest.json""},{""seed"":33634,""value"":1.5081138510104446,""manifest"":""runs/res-05-compute-budget__vehicle-b-rudder__ppo__seed-33634/manifest.json""},{""seed"":43634,""value"":1.5081138510104446,""manifest"":""runs/res-05-compute-budget__vehicle-b-rudder__ppo__seed-43634/manifest.json""}]"
res-05-compute-budget,resources,moderate,vehicle-c-azimuth,progress_m,0.010345064026303419,0,0.010345064026303419,0.010345064026303419,"[{""seed"":3634,""value"":0.010345064026303419,""manifest"":""runs/res-05-compute-budget__vehicle-c-azimuth__ppo__seed-3634/manifest.json""},{""seed"":13634,""value"":0.010345064026303419,""manifest"":""runs/res-05-compute-budget__vehicle-c-azimuth__ppo__seed-13634/manifest.json""},{""seed"":23634,""value"":0.010345064026303419,""manifest"":""runs/res-05-compute-budget__vehicle-c-azimuth__ppo__seed-23634/manifest.json""},{""seed"":33634,""value"":0.010345064026303419,""manifest"":""runs/res-05-compute-budget__vehicle-c-azimuth__ppo__seed-33634/manifest.json""},{""seed"":43634,""value"":0.010345064026303419,""manifest"":""runs/res-05-compute-budget__vehicle-c-azimuth__ppo__seed-43634/manifest.json""}]"
res-06-mixed-energy-tradeoff,resources,moderate,vehicle-a-otter,progress_m,1.0677526007091807,0,1.0677526007091807,1.0677526007091807,"[{""seed"":3635,""value"":1.0677526007091807,""manifest"":""runs/res-06-mixed-energy-tradeoff__vehicle-a-otter__ppo__seed-3635/manifest.json""},{""seed"":13635,""value"":1.0677526007091807,""manifest"":""runs/res-06-mixed-energy-tradeoff__vehicle-a-otter__ppo__seed-13635/manifest.json""},{""seed"":23635,""value"":1.0677526007091807,""manifest"":""runs/res-06-mixed-energy-tradeoff__vehicle-a-otter__ppo__seed-23635/manifest.json""},{""seed"":33635,""value"":1.0677526007091807,""manifest"":""runs/res-06-mixed-energy-tradeoff__vehicle-a-otter__ppo__seed-33635/manifest.json""},{""seed"":43635,""value"":1.0677526007091807,""manifest"":""runs/res-06-mixed-energy-tradeoff__vehicle-a-otter__ppo__seed-43635/manifest.json""}]"
res-06-mixed-energy-tradeoff,resources,moderate,vehicle-b-rudder,progress_m,2.721419726629275,0,2.721419726629275,2.721419726629275,"[{""seed"":3635,""value"":2.721419726629275,""manifest"":""runs/res-06-mixed-energy-tradeoff__vehicle-b-rudder__ppo__seed-3635/manifest.json""},{""seed"":13635,""value"":2.721419726629275,""manifest"":""runs/res-06-mixed-energy-tradeoff__vehicle-b-rudder__ppo__seed-13635/manifest.json""},{""seed"":23635,""value"":2.721419726629275,""manifest"":""runs/res-06-mixed-energy-tradeoff__vehicle-b-rudder__ppo__seed-23635/manifest.json""},{""seed"":33635,""value"":2.721419726629275,""manifest"":""runs/res-06-mixed-energy-tradeoff__vehicle-b-rudder__ppo__seed-33635/manifest.json""},{""seed"":43635,""value"":2.721419726629275,""manifest"":""runs/res-06-mixed-energy-tradeoff__vehicle-b-rudder__ppo__seed-43635/manifest.json""}]"
res-06-mixed-energy-tradeoff,resources,moderate,vehicle-c-azimuth,progress_m,0.02022708426297104,0,0.02022708426297104,0.02022708426297104,"[{""seed"":3635,""value"":0.02022708426297104,""manifest"":""runs/res-06-mixed-energy-tradeoff__vehicle-c-azimuth__ppo__seed-3635/manifest.json""},{""seed"":13635,""value"":0.02022708426297104,""manifest"":""runs/res-06-mixed-energy-tradeoff__vehicle-c-azimuth__ppo__seed-13635/manifest.json""},{""seed"":23635,""value"":0.02022708426297104,""manifest"":""runs/res-06-mixed-energy-tradeoff__vehicle-c-azimuth__ppo__seed-23635/manifest.json""},{""seed"":33635,""value"":0.02022708426297104,""manifest"":""runs/res-06-mixed-energy-tradeoff__vehicle-c-azimuth__ppo__seed-33635/manifest.json""},{""seed"":43635,""value"":0.02022708426297104,""manifest"":""runs/res-06-mixed-energy-tradeoff__vehicle-c-azimuth__ppo__seed-43635/manifest.json""}]"
geo-01-open-coastal,geography,simple,vehicle-a-otter,progress_m,0.000057685804351059744,0,0.000057685804351059744,0.000057685804351059744,"[{""seed"":3640,""value"":0.000057685804351059744,""manifest"":""runs/geo-01-open-coastal__vehicle-a-otter__ppo__seed-3640/manifest.json""},{""seed"":13640,""value"":0.000057685804351059744,""manifest"":""runs/geo-01-open-coastal__vehicle-a-otter__ppo__seed-13640/manifest.json""},{""seed"":23640,""value"":0.000057685804351059744,""manifest"":""runs/geo-01-open-coastal__vehicle-a-otter__ppo__seed-23640/manifest.json""},{""seed"":33640,""value"":0.000057685804351059744,""manifest"":""runs/geo-01-open-coastal__vehicle-a-otter__ppo__seed-33640/manifest.json""},{""seed"":43640,""value"":0.000057685804351059744,""manifest"":""runs/geo-01-open-coastal__vehicle-a-otter__ppo__seed-43640/manifest.json""}]"
geo-01-open-coastal,geography,simple,vehicle-b-rudder,progress_m,-0.000008464580909528507,0,-0.000008464580909528507,-0.000008464580909528507,"[{""seed"":3640,""value"":-0.000008464580909528507,""manifest"":""runs/geo-01-open-coastal__vehicle-b-rudder__ppo__seed-3640/manifest.json""},{""seed"":13640,""value"":-0.000008464580909528507,""manifest"":""runs/geo-01-open-coastal__vehicle-b-rudder__ppo__seed-13640/manifest.json""},{""seed"":23640,""value"":-0.000008464580909528507,""manifest"":""runs/geo-01-open-coastal__vehicle-b-rudder__ppo__seed-23640/manifest.json""},{""seed"":33640,""value"":-0.000008464580909528507,""manifest"":""runs/geo-01-open-coastal__vehicle-b-rudder__ppo__seed-33640/manifest.json""},{""seed"":43640,""value"":-0.000008464580909528507,""manifest"":""runs/geo-01-open-coastal__vehicle-b-rudder__ppo__seed-43640/manifest.json""}]"
geo-01-open-coastal,geography,simple,vehicle-c-azimuth,progress_m,-0.000021791294592787835,0,-0.000021791294592787835,-0.000021791294592787835,"[{""seed"":3640,""value"":-0.000021791294592787835,""manifest"":""runs/geo-01-open-coastal__vehicle-c-azimuth__ppo__seed-3640/manifest.json""},{""seed"":13640,""value"":-0.000021791294592787835,""manifest"":""runs/geo-01-open-coastal__vehicle-c-azimuth__ppo__seed-13640/manifest.json""},{""seed"":23640,""value"":-0.000021791294592787835,""manifest"":""runs/geo-01-open-coastal__vehicle-c-azimuth__ppo__seed-23640/manifest.json""},{""seed"":33640,""value"":-0.000021791294592787835,""manifest"":""runs/geo-01-open-coastal__vehicle-c-azimuth__ppo__seed-33640/manifest.json""},{""seed"":43640,""value"":-0.000021791294592787835,""manifest"":""runs/geo-01-open-coastal__vehicle-c-azimuth__ppo__seed-43640/manifest.json""}]"
geo-02-structured-harbor,geography,moderate,vehicle-a-otter,progress_m,0.04578133387166439,0,0.04578133387166439,0.04578133387166439,"[{""seed"":3641,""value"":0.04578133387166439,""manifest"":""runs/geo-02-structured-harbor__vehicle-a-otter__ppo__seed-3641/manifest.json""},{""seed"":13641,""value"":0.04578133387166439,""manifest"":""runs/geo-02-structured-harbor__vehicle-a-otter__ppo__seed-13641/manifest.json""},{""seed"":23641,""value"":0.04578133387166439,""manifest"":""runs/geo-02-structured-harbor__vehicle-a-otter__ppo__seed-23641/manifest.json""},{""seed"":33641,""value"":0.04578133387166439,""manifest"":""runs/geo-02-structured-harbor__vehicle-a-otter__ppo__seed-33641/manifest.json""},{""seed"":43641,""value"":0.04578133387166439,""manifest"":""runs/geo-02-structured-harbor__vehicle-a-otter__ppo__seed-43641/manifest.json""}]"
geo-02-structured-harbor,geography,moderate,vehicle-b-rudder,progress_m,0.5104957592091899,0,0.5104957592091899,0.5104957592091899,"[{""seed"":3641,""value"":0.5104957592091899,""manifest"":""runs/geo-02-structured-harbor__vehicle-b-rudder__ppo__seed-3641/manifest.json""},{""seed"":13641,""value"":0.5104957592091899,""manifest"":""runs/geo-02-structured-harbor__vehicle-b-rudder__ppo__seed-13641/manifest.json""},{""seed"":23641,""value"":0.5104957592091899,""manifest"":""runs/geo-02-structured-harbor__vehicle-b-rudder__ppo__seed-23641/manifest.json""},{""seed"":33641,""value"":0.5104957592091899,""manifest"":""runs/geo-02-structured-harbor__vehicle-b-rudder__ppo__seed-33641/manifest.json""},{""seed"":43641,""value"":0.5104957592091899,""manifest"":""runs/geo-02-structured-harbor__vehicle-b-rudder__ppo__seed-43641/manifest.json""}]"
geo-02-structured-harbor,geography,moderate,vehicle-c-azimuth,progress_m,-0.0029812879491588617,0,-0.0029812879491588617,-0.0029812879491588617,"[{""seed"":3641,""value"":-0.0029812879491588617,""manifest"":""runs/geo-02-structured-harbor__vehicle-c-azimuth__ppo__seed-3641/manifest.json""},{""seed"":13641,""value"":-0.0029812879491588617,""manifest"":""runs/geo-02-structured-harbor__vehicle-c-azimuth__ppo__seed-13641/manifest.json""},{""seed"":23641,""value"":-0.0029812879491588617,""manifest"":""runs/geo-02-structured-harbor__vehicle-c-azimuth__ppo__seed-23641/manifest.json""},{""seed"":33641,""value"":-0.0029812879491588617,""manifest"":""runs/geo-02-structured-harbor__vehicle-c-azimuth__ppo__seed-33641/manifest.json""},{""seed"":43641,""value"":-0.0029812879491588617,""manifest"":""runs/geo-02-structured-harbor__vehicle-c-azimuth__ppo__seed-43641/manifest.json""}]"
geo-03-narrow-channel,geography,moderate,vehicle-a-otter,progress_m,0.38771535351594855,0,0.38771535351594855,0.38771535351594855,"[{""seed"":3642,""value"":0.38771535351594855,""manifest"":""runs/geo-03-narrow-channel__vehicle-a-otter__ppo__seed-3642/manifest.json""},{""seed"":13642,""value"":0.38771535351594855,""manifest"":""runs/geo-03-narrow-channel__vehicle-a-otter__ppo__seed-13642/manifest.json""},{""seed"":23642,""value"":0.38771535351594855,""manifest"":""runs/geo-03-narrow-channel__vehicle-a-otter__ppo__seed-23642/manifest.json""},{""seed"":33642,""value"":0.38771535351594855,""manifest"":""runs/geo-03-narrow-channel__vehicle-a-otter__ppo__seed-33642/manifest.json""},{""seed"":43642,""value"":0.38771535351594855,""manifest"":""runs/geo-03-narrow-channel__vehicle-a-otter__ppo__seed-43642/manifest.json""}]"
geo-03-narrow-channel,geography,moderate,vehicle-b-rudder,progress_m,0.9665627046490698,1.1102230246251565e-16,0.9665627046490699,0.9665627046490699,"[{""seed"":3642,""value"":0.9665627046490699,""manifest"":""runs/geo-03-narrow-channel__vehicle-b-rudder__ppo__seed-3642/manifest.json""},{""seed"":13642,""value"":0.9665627046490699,""manifest"":""runs/geo-03-narrow-channel__vehicle-b-rudder__ppo__seed-13642/manifest.json""},{""seed"":23642,""value"":0.9665627046490699,""manifest"":""runs/geo-03-narrow-channel__vehicle-b-rudder__ppo__seed-23642/manifest.json""},{""seed"":33642,""value"":0.9665627046490699,""manifest"":""runs/geo-03-narrow-channel__vehicle-b-rudder__ppo__seed-33642/manifest.json""},{""seed"":43642,""value"":0.9665627046490699,""manifest"":""runs/geo-03-narrow-channel__vehicle-b-rudder__ppo__seed-43642/manifest.json""}]"
geo-03-narrow-channel,geography,moderate,vehicle-c-azimuth,progress_m,0.004187994959099051,0,0.004187994959099051,0.004187994959099051,"[{""seed"":3642,""value"":0.004187994959099051,""manifest"":""runs/geo-03-narrow-channel__vehicle-c-azimuth__ppo__seed-3642/manifest.json""},{""seed"":13642,""value"":0.004187994959099051,""manifest"":""runs/geo-03-narrow-channel__vehicle-c-azimuth__ppo__seed-13642/manifest.json""},{""seed"":23642,""value"":0.004187994959099051,""manifest"":""runs/geo-03-narrow-channel__vehicle-c-azimuth__ppo__seed-23642/manifest.json""},{""seed"":33642,""value"":0.004187994959099051,""manifest"":""runs/geo-03-narrow-channel__vehicle-c-azimuth__ppo__seed-33642/manifest.json""},{""seed"":43642,""value"":0.004187994959099051,""manifest"":""runs/geo-03-narrow-channel__vehicle-c-azimuth__ppo__seed-43642/manifest.json""}]"
geo-04-shallow-hazard,geography,moderate,vehicle-a-otter,progress_m,0.7372331598983832,0,0.7372331598983832,0.7372331598983832,"[{""seed"":3643,""value"":0.7372331598983832,""manifest"":""runs/geo-04-shallow-hazard__vehicle-a-otter__ppo__seed-3643/manifest.json""},{""seed"":13643,""value"":0.7372331598983832,""manifest"":""runs/geo-04-shallow-hazard__vehicle-a-otter__ppo__seed-13643/manifest.json""},{""seed"":23643,""value"":0.7372331598983832,""manifest"":""runs/geo-04-shallow-hazard__vehicle-a-otter__ppo__seed-23643/manifest.json""},{""seed"":33643,""value"":0.7372331598983832,""manifest"":""runs/geo-04-shallow-hazard__vehicle-a-otter__ppo__seed-33643/manifest.json""},{""seed"":43643,""value"":0.7372331598983832,""manifest"":""runs/geo-04-shallow-hazard__vehicle-a-otter__ppo__seed-43643/manifest.json""}]"
geo-04-shallow-hazard,geography,moderate,vehicle-b-rudder,progress_m,1.5081138510104446,0,1.5081138510104446,1.5081138510104446,"[{""seed"":3643,""value"":1.5081138510104446,""manifest"":""runs/geo-04-shallow-hazard__vehicle-b-rudder__ppo__seed-3643/manifest.json""},{""seed"":13643,""value"":1.5081138510104446,""manifest"":""runs/geo-04-shallow-hazard__vehicle-b-rudder__ppo__seed-13643/manifest.json""},{""seed"":23643,""value"":1.5081138510104446,""manifest"":""runs/geo-04-shallow-hazard__vehicle-b-rudder__ppo__seed-23643/manifest.json""},{""seed"":33643,""value"":1.5081138510104446,""manifest"":""runs/geo-04-shallow-hazard__vehicle-b-rudder__ppo__seed-33643/manifest.json""},{""seed"":43643,""value"":1.5081138510104446,""manifest"":""runs/geo-04-shallow-hazard__vehicle-b-rudder__ppo__seed-43643/manifest.json""}]"
geo-04-shallow-hazard,geography,moderate,vehicle-c-azimuth,progress_m,0.010345064026303419,0,0.010345064026303419,0.010345064026303419,"[{""seed"":3643,""value"":0.010345064026303419,""manifest"":""runs/geo-04-shallow-hazard__vehicle-c-azimuth__ppo__seed-3643/manifest.json""},{""seed"":13643,""value"":0.010345064026303419,""manifest"":""runs/geo-04-shallow-hazard__vehicle-c-azimuth__ppo__seed-13643/manifest.json""},{""seed"":23643,""value"":0.010345064026303419,""manifest"":""runs/geo-04-shallow-hazard__vehicle-c-azimuth__ppo__seed-23643/manifest.json""},{""seed"":33643,""value"":0.010345064026303419,""manifest"":""runs/geo-04-shallow-hazard__vehicle-c-azimuth__ppo__seed-33643/manifest.json""},{""seed"":43643,""value"":0.010345064026303419,""manifest"":""runs/geo-04-shallow-hazard__vehicle-c-azimuth__ppo__seed-43643/manifest.json""}]"
geo-05-bridge-transit,geography,complex,vehicle-a-otter,progress_m,1.065365971090099,0,1.065365971090099,1.065365971090099,"[{""seed"":3644,""value"":1.065365971090099,""manifest"":""runs/geo-05-bridge-transit__vehicle-a-otter__ppo__seed-3644/manifest.json""},{""seed"":13644,""value"":1.065365971090099,""manifest"":""runs/geo-05-bridge-transit__vehicle-a-otter__ppo__seed-13644/manifest.json""},{""seed"":23644,""value"":1.065365971090099,""manifest"":""runs/geo-05-bridge-transit__vehicle-a-otter__ppo__seed-23644/manifest.json""},{""seed"":33644,""value"":1.065365971090099,""manifest"":""runs/geo-05-bridge-transit__vehicle-a-otter__ppo__seed-33644/manifest.json""},{""seed"":43644,""value"":1.065365971090099,""manifest"":""runs/geo-05-bridge-transit__vehicle-a-otter__ppo__seed-43644/manifest.json""}]"
geo-05-bridge-transit,geography,complex,vehicle-b-rudder,progress_m,3.934898330943331,0,3.934898330943331,3.934898330943331,"[{""seed"":3644,""value"":3.934898330943331,""manifest"":""runs/geo-05-bridge-transit__vehicle-b-rudder__ppo__seed-3644/manifest.json""},{""seed"":13644,""value"":3.934898330943331,""manifest"":""runs/geo-05-bridge-transit__vehicle-b-rudder__ppo__seed-13644/manifest.json""},{""seed"":23644,""value"":3.934898330943331,""manifest"":""runs/geo-05-bridge-transit__vehicle-b-rudder__ppo__seed-23644/manifest.json""},{""seed"":33644,""value"":3.934898330943331,""manifest"":""runs/geo-05-bridge-transit__vehicle-b-rudder__ppo__seed-33644/manifest.json""},{""seed"":43644,""value"":3.934898330943331,""manifest"":""runs/geo-05-bridge-transit__vehicle-b-rudder__ppo__seed-43644/manifest.json""}]"
geo-05-bridge-transit,geography,complex,vehicle-c-azimuth,progress_m,0.027695486128688884,0,0.027695486128688884,0.027695486128688884,"[{""seed"":3644,""value"":0.027695486128688884,""manifest"":""runs/geo-05-bridge-transit__vehicle-c-azimuth__ppo__seed-3644/manifest.json""},{""seed"":13644,""value"":0.027695486128688884,""manifest"":""runs/geo-05-bridge-transit__vehicle-c-azimuth__ppo__seed-13644/manifest.json""},{""seed"":23644,""value"":0.027695486128688884,""manifest"":""runs/geo-05-bridge-transit__vehicle-c-azimuth__ppo__seed-23644/manifest.json""},{""seed"":33644,""value"":0.027695486128688884,""manifest"":""runs/geo-05-bridge-transit__vehicle-c-azimuth__ppo__seed-33644/manifest.json""},{""seed"":43644,""value"":0.027695486128688884,""manifest"":""runs/geo-05-bridge-transit__vehicle-c-azimuth__ppo__seed-43644/manifest.json""}]"
geo-06-restricted-region,geography,complex,vehicle-a-otter,progress_m,1.065365971090099,0,1.065365971090099,1.065365971090099,"[{""seed"":3645,""value"":1.065365971090099,""manifest"":""runs/geo-06-restricted-region__vehicle-a-otter__ppo__seed-3645/manifest.json""},{""seed"":13645,""value"":1.065365971090099,""manifest"":""runs/geo-06-restricted-region__vehicle-a-otter__ppo__seed-13645/manifest.json""},{""seed"":23645,""value"":1.065365971090099,""manifest"":""runs/geo-06-restricted-region__vehicle-a-otter__ppo__seed-23645/manifest.json""},{""seed"":33645,""value"":1.065365971090099,""manifest"":""runs/geo-06-restricted-region__vehicle-a-otter__ppo__seed-33645/manifest.json""},{""seed"":43645,""value"":1.065365971090099,""manifest"":""runs/geo-06-restricted-region__vehicle-a-otter__ppo__seed-43645/manifest.json""}]"
geo-06-restricted-region,geography,complex,vehicle-b-rudder,progress_m,3.934898330943331,0,3.934898330943331,3.934898330943331,"[{""seed"":3645,""value"":3.934898330943331,""manifest"":""runs/geo-06-restricted-region__vehicle-b-rudder__ppo__seed-3645/manifest.json""},{""seed"":13645,""value"":3.934898330943331,""manifest"":""runs/geo-06-restricted-region__vehicle-b-rudder__ppo__seed-13645/manifest.json""},{""seed"":23645,""value"":3.934898330943331,""manifest"":""runs/geo-06-restricted-region__vehicle-b-rudder__ppo__seed-23645/manifest.json""},{""seed"":33645,""value"":3.934898330943331,""manifest"":""runs/geo-06-restricted-region__vehicle-b-rudder__ppo__seed-33645/manifest.json""},{""seed"":43645,""value"":3.934898330943331,""manifest"":""runs/geo-06-restricted-region__vehicle-b-rudder__ppo__seed-43645/manifest.json""}]"
geo-06-restricted-region,geography,complex,vehicle-c-azimuth,progress_m,0.027695486128688884,0,0.027695486128688884,0.027695486128688884,"[{""seed"":3645,""value"":0.027695486128688884,""manifest"":""runs/geo-06-restricted-region__vehicle-c-azimuth__ppo__seed-3645/manifest.json""},{""seed"":13645,""value"":0.027695486128688884,""manifest"":""runs/geo-06-restricted-region__vehicle-c-azimuth__ppo__seed-13645/manifest.json""},{""seed"":23645,""value"":0.027695486128688884,""manifest"":""runs/geo-06-restricted-region__vehicle-c-azimuth__ppo__seed-23645/manifest.json""},{""seed"":33645,""value"":0.027695486128688884,""manifest"":""runs/geo-06-restricted-region__vehicle-c-azimuth__ppo__seed-33645/manifest.json""},{""seed"":43645,""value"":0.027695486128688884,""manifest"":""runs/geo-06-restricted-region__vehicle-c-azimuth__ppo__seed-43645/manifest.json""}]"
mis-01-waypoint-navigation,mission-integration,simple,vehicle-a-otter,progress_m,0.00004817744310825489,0,0.00004817744310825489,0.00004817744310825489,"[{""seed"":3650,""value"":0.00004817744310825489,""manifest"":""runs/mis-01-waypoint-navigation__vehicle-a-otter__ppo__seed-3650/manifest.json""},{""seed"":13650,""value"":0.00004817744310825489,""manifest"":""runs/mis-01-waypoint-navigation__vehicle-a-otter__ppo__seed-13650/manifest.json""},{""seed"":23650,""value"":0.00004817744310825489,""manifest"":""runs/mis-01-waypoint-navigation__vehicle-a-otter__ppo__seed-23650/manifest.json""},{""seed"":33650,""value"":0.00004817744310825489,""manifest"":""runs/mis-01-waypoint-navigation__vehicle-a-otter__ppo__seed-33650/manifest.json""},{""seed"":43650,""value"":0.00004817744310825489,""manifest"":""runs/mis-01-waypoint-navigation__vehicle-a-otter__ppo__seed-43650/manifest.json""}]"
mis-01-waypoint-navigation,mission-integration,simple,vehicle-b-rudder,progress_m,0.0000072254022187578926,0,0.0000072254022187578926,0.0000072254022187578926,"[{""seed"":3650,""value"":0.0000072254022187578926,""manifest"":""runs/mis-01-waypoint-navigation__vehicle-b-rudder__ppo__seed-3650/manifest.json""},{""seed"":13650,""value"":0.0000072254022187578926,""manifest"":""runs/mis-01-waypoint-navigation__vehicle-b-rudder__ppo__seed-13650/manifest.json""},{""seed"":23650,""value"":0.0000072254022187578926,""manifest"":""runs/mis-01-waypoint-navigation__vehicle-b-rudder__ppo__seed-23650/manifest.json""},{""seed"":33650,""value"":0.0000072254022187578926,""manifest"":""runs/mis-01-waypoint-navigation__vehicle-b-rudder__ppo__seed-33650/manifest.json""},{""seed"":43650,""value"":0.0000072254022187578926,""manifest"":""runs/mis-01-waypoint-navigation__vehicle-b-rudder__ppo__seed-43650/manifest.json""}]"
mis-01-waypoint-navigation,mission-integration,simple,vehicle-c-azimuth,progress_m,-0.000019788213230675922,0,-0.000019788213230675922,-0.000019788213230675922,"[{""seed"":3650,""value"":-0.000019788213230675922,""manifest"":""runs/mis-01-waypoint-navigation__vehicle-c-azimuth__ppo__seed-3650/manifest.json""},{""seed"":13650,""value"":-0.000019788213230675922,""manifest"":""runs/mis-01-waypoint-navigation__vehicle-c-azimuth__ppo__seed-13650/manifest.json""},{""seed"":23650,""value"":-0.000019788213230675922,""manifest"":""runs/mis-01-waypoint-navigation__vehicle-c-azimuth__ppo__seed-23650/manifest.json""},{""seed"":33650,""value"":-0.000019788213230675922,""manifest"":""runs/mis-01-waypoint-navigation__vehicle-c-azimuth__ppo__seed-33650/manifest.json""},{""seed"":43650,""value"":-0.000019788213230675922,""manifest"":""runs/mis-01-waypoint-navigation__vehicle-c-azimuth__ppo__seed-43650/manifest.json""}]"
mis-02-obstacle-avoidance,mission-integration,simple,vehicle-a-otter,progress_m,0.00004817744310825489,0,0.00004817744310825489,0.00004817744310825489,"[{""seed"":3651,""value"":0.00004817744310825489,""manifest"":""runs/mis-02-obstacle-avoidance__vehicle-a-otter__ppo__seed-3651/manifest.json""},{""seed"":13651,""value"":0.00004817744310825489,""manifest"":""runs/mis-02-obstacle-avoidance__vehicle-a-otter__ppo__seed-13651/manifest.json""},{""seed"":23651,""value"":0.00004817744310825489,""manifest"":""runs/mis-02-obstacle-avoidance__vehicle-a-otter__ppo__seed-23651/manifest.json""},{""seed"":33651,""value"":0.00004817744310825489,""manifest"":""runs/mis-02-obstacle-avoidance__vehicle-a-otter__ppo__seed-33651/manifest.json""},{""seed"":43651,""value"":0.00004817744310825489,""manifest"":""runs/mis-02-obstacle-avoidance__vehicle-a-otter__ppo__seed-43651/manifest.json""}]"
mis-02-obstacle-avoidance,mission-integration,simple,vehicle-b-rudder,progress_m,0.0000072254022187578926,0,0.0000072254022187578926,0.0000072254022187578926,"[{""seed"":3651,""value"":0.0000072254022187578926,""manifest"":""runs/mis-02-obstacle-avoidance__vehicle-b-rudder__ppo__seed-3651/manifest.json""},{""seed"":13651,""value"":0.0000072254022187578926,""manifest"":""runs/mis-02-obstacle-avoidance__vehicle-b-rudder__ppo__seed-13651/manifest.json""},{""seed"":23651,""value"":0.0000072254022187578926,""manifest"":""runs/mis-02-obstacle-avoidance__vehicle-b-rudder__ppo__seed-23651/manifest.json""},{""seed"":33651,""value"":0.0000072254022187578926,""manifest"":""runs/mis-02-obstacle-avoidance__vehicle-b-rudder__ppo__seed-33651/manifest.json""},{""seed"":43651,""value"":0.0000072254022187578926,""manifest"":""runs/mis-02-obstacle-avoidance__vehicle-b-rudder__ppo__seed-43651/manifest.json""}]"
mis-02-obstacle-avoidance,mission-integration,simple,vehicle-c-azimuth,progress_m,-0.000019788213230675922,0,-0.000019788213230675922,-0.000019788213230675922,"[{""seed"":3651,""value"":-0.000019788213230675922,""manifest"":""runs/mis-02-obstacle-avoidance__vehicle-c-azimuth__ppo__seed-3651/manifest.json""},{""seed"":13651,""value"":-0.000019788213230675922,""manifest"":""runs/mis-02-obstacle-avoidance__vehicle-c-azimuth__ppo__seed-13651/manifest.json""},{""seed"":23651,""value"":-0.000019788213230675922,""manifest"":""runs/mis-02-obstacle-avoidance__vehicle-c-azimuth__ppo__seed-23651/manifest.json""},{""seed"":33651,""value"":-0.000019788213230675922,""manifest"":""runs/mis-02-obstacle-avoidance__vehicle-c-azimuth__ppo__seed-33651/manifest.json""},{""seed"":43651,""value"":-0.000019788213230675922,""manifest"":""runs/mis-02-obstacle-avoidance__vehicle-c-azimuth__ppo__seed-43651/manifest.json""}]"
mis-03-station-keeping,mission-integration,moderate,vehicle-a-otter,progress_m,0.04578133387166439,0,0.04578133387166439,0.04578133387166439,"[{""seed"":3652,""value"":0.04578133387166439,""manifest"":""runs/mis-03-station-keeping__vehicle-a-otter__ppo__seed-3652/manifest.json""},{""seed"":13652,""value"":0.04578133387166439,""manifest"":""runs/mis-03-station-keeping__vehicle-a-otter__ppo__seed-13652/manifest.json""},{""seed"":23652,""value"":0.04578133387166439,""manifest"":""runs/mis-03-station-keeping__vehicle-a-otter__ppo__seed-23652/manifest.json""},{""seed"":33652,""value"":0.04578133387166439,""manifest"":""runs/mis-03-station-keeping__vehicle-a-otter__ppo__seed-33652/manifest.json""},{""seed"":43652,""value"":0.04578133387166439,""manifest"":""runs/mis-03-station-keeping__vehicle-a-otter__ppo__seed-43652/manifest.json""}]"
mis-03-station-keeping,mission-integration,moderate,vehicle-b-rudder,progress_m,0.5104957592091899,0,0.5104957592091899,0.5104957592091899,"[{""seed"":3652,""value"":0.5104957592091899,""manifest"":""runs/mis-03-station-keeping__vehicle-b-rudder__ppo__seed-3652/manifest.json""},{""seed"":13652,""value"":0.5104957592091899,""manifest"":""runs/mis-03-station-keeping__vehicle-b-rudder__ppo__seed-13652/manifest.json""},{""seed"":23652,""value"":0.5104957592091899,""manifest"":""runs/mis-03-station-keeping__vehicle-b-rudder__ppo__seed-23652/manifest.json""},{""seed"":33652,""value"":0.5104957592091899,""manifest"":""runs/mis-03-station-keeping__vehicle-b-rudder__ppo__seed-33652/manifest.json""},{""seed"":43652,""value"":0.5104957592091899,""manifest"":""runs/mis-03-station-keeping__vehicle-b-rudder__ppo__seed-43652/manifest.json""}]"
mis-03-station-keeping,mission-integration,moderate,vehicle-c-azimuth,progress_m,-0.0029812879491588617,0,-0.0029812879491588617,-0.0029812879491588617,"[{""seed"":3652,""value"":-0.0029812879491588617,""manifest"":""runs/mis-03-station-keeping__vehicle-c-azimuth__ppo__seed-3652/manifest.json""},{""seed"":13652,""value"":-0.0029812879491588617,""manifest"":""runs/mis-03-station-keeping__vehicle-c-azimuth__ppo__seed-13652/manifest.json""},{""seed"":23652,""value"":-0.0029812879491588617,""manifest"":""runs/mis-03-station-keeping__vehicle-c-azimuth__ppo__seed-23652/manifest.json""},{""seed"":33652,""value"":-0.0029812879491588617,""manifest"":""runs/mis-03-station-keeping__vehicle-c-azimuth__ppo__seed-33652/manifest.json""},{""seed"":43652,""value"":-0.0029812879491588617,""manifest"":""runs/mis-03-station-keeping__vehicle-c-azimuth__ppo__seed-43652/manifest.json""}]"
mis-04-channel-traversal,mission-integration,moderate,vehicle-a-otter,progress_m,1.07880440226422,0,1.07880440226422,1.07880440226422,"[{""seed"":3653,""value"":1.07880440226422,""manifest"":""runs/mis-04-channel-traversal__vehicle-a-otter__ppo__seed-3653/manifest.json""},{""seed"":13653,""value"":1.07880440226422,""manifest"":""runs/mis-04-channel-traversal__vehicle-a-otter__ppo__seed-13653/manifest.json""},{""seed"":23653,""value"":1.07880440226422,""manifest"":""runs/mis-04-channel-traversal__vehicle-a-otter__ppo__seed-23653/manifest.json""},{""seed"":33653,""value"":1.07880440226422,""manifest"":""runs/mis-04-channel-traversal__vehicle-a-otter__ppo__seed-33653/manifest.json""},{""seed"":43653,""value"":1.07880440226422,""manifest"":""runs/mis-04-channel-traversal__vehicle-a-otter__ppo__seed-43653/manifest.json""}]"
mis-04-channel-traversal,mission-integration,moderate,vehicle-b-rudder,progress_m,2.1066695312587163,0,2.1066695312587163,2.1066695312587163,"[{""seed"":3653,""value"":2.1066695312587163,""manifest"":""runs/mis-04-channel-traversal__vehicle-b-rudder__ppo__seed-3653/manifest.json""},{""seed"":13653,""value"":2.1066695312587163,""manifest"":""runs/mis-04-channel-traversal__vehicle-b-rudder__ppo__seed-13653/manifest.json""},{""seed"":23653,""value"":2.1066695312587163,""manifest"":""runs/mis-04-channel-traversal__vehicle-b-rudder__ppo__seed-23653/manifest.json""},{""seed"":33653,""value"":2.1066695312587163,""manifest"":""runs/mis-04-channel-traversal__vehicle-b-rudder__ppo__seed-33653/manifest.json""},{""seed"":43653,""value"":2.1066695312587163,""manifest"":""runs/mis-04-channel-traversal__vehicle-b-rudder__ppo__seed-43653/manifest.json""}]"
mis-04-channel-traversal,mission-integration,moderate,vehicle-c-azimuth,progress_m,0.015644831637648515,0,0.015644831637648515,0.015644831637648515,"[{""seed"":3653,""value"":0.015644831637648515,""manifest"":""runs/mis-04-channel-traversal__vehicle-c-azimuth__ppo__seed-3653/manifest.json""},{""seed"":13653,""value"":0.015644831637648515,""manifest"":""runs/mis-04-channel-traversal__vehicle-c-azimuth__ppo__seed-13653/manifest.json""},{""seed"":23653,""value"":0.015644831637648515,""manifest"":""runs/mis-04-channel-traversal__vehicle-c-azimuth__ppo__seed-23653/manifest.json""},{""seed"":33653,""value"":0.015644831637648515,""manifest"":""runs/mis-04-channel-traversal__vehicle-c-azimuth__ppo__seed-33653/manifest.json""},{""seed"":43653,""value"":0.015644831637648515,""manifest"":""runs/mis-04-channel-traversal__vehicle-c-azimuth__ppo__seed-43653/manifest.json""}]"
mis-05-changing-weather,mission-integration,moderate,vehicle-a-otter,progress_m,1.07880440226422,0,1.07880440226422,1.07880440226422,"[{""seed"":3654,""value"":1.07880440226422,""manifest"":""runs/mis-05-changing-weather__vehicle-a-otter__ppo__seed-3654/manifest.json""},{""seed"":13654,""value"":1.07880440226422,""manifest"":""runs/mis-05-changing-weather__vehicle-a-otter__ppo__seed-13654/manifest.json""},{""seed"":23654,""value"":1.07880440226422,""manifest"":""runs/mis-05-changing-weather__vehicle-a-otter__ppo__seed-23654/manifest.json""},{""seed"":33654,""value"":1.07880440226422,""manifest"":""runs/mis-05-changing-weather__vehicle-a-otter__ppo__seed-33654/manifest.json""},{""seed"":43654,""value"":1.07880440226422,""manifest"":""runs/mis-05-changing-weather__vehicle-a-otter__ppo__seed-43654/manifest.json""}]"
mis-05-changing-weather,mission-integration,moderate,vehicle-b-rudder,progress_m,2.1066695312587163,0,2.1066695312587163,2.1066695312587163,"[{""seed"":3654,""value"":2.1066695312587163,""manifest"":""runs/mis-05-changing-weather__vehicle-b-rudder__ppo__seed-3654/manifest.json""},{""seed"":13654,""value"":2.1066695312587163,""manifest"":""runs/mis-05-changing-weather__vehicle-b-rudder__ppo__seed-13654/manifest.json""},{""seed"":23654,""value"":2.1066695312587163,""manifest"":""runs/mis-05-changing-weather__vehicle-b-rudder__ppo__seed-23654/manifest.json""},{""seed"":33654,""value"":2.1066695312587163,""manifest"":""runs/mis-05-changing-weather__vehicle-b-rudder__ppo__seed-33654/manifest.json""},{""seed"":43654,""value"":2.1066695312587163,""manifest"":""runs/mis-05-changing-weather__vehicle-b-rudder__ppo__seed-43654/manifest.json""}]"
mis-05-changing-weather,mission-integration,moderate,vehicle-c-azimuth,progress_m,0.015644831637648515,0,0.015644831637648515,0.015644831637648515,"[{""seed"":3654,""value"":0.015644831637648515,""manifest"":""runs/mis-05-changing-weather__vehicle-c-azimuth__ppo__seed-3654/manifest.json""},{""seed"":13654,""value"":0.015644831637648515,""manifest"":""runs/mis-05-changing-weather__vehicle-c-azimuth__ppo__seed-13654/manifest.json""},{""seed"":23654,""value"":0.015644831637648515,""manifest"":""runs/mis-05-changing-weather__vehicle-c-azimuth__ppo__seed-23654/manifest.json""},{""seed"":33654,""value"":0.015644831637648515,""manifest"":""runs/mis-05-changing-weather__vehicle-c-azimuth__ppo__seed-33654/manifest.json""},{""seed"":43654,""value"":0.015644831637648515,""manifest"":""runs/mis-05-changing-weather__vehicle-c-azimuth__ppo__seed-43654/manifest.json""}]"
mis-06-grounded-depth-hazard,mission-integration,complex,vehicle-a-otter,progress_m,1.0665005225397328,0,1.0665005225397328,1.0665005225397328,"[{""seed"":3655,""value"":1.0665005225397328,""manifest"":""runs/mis-06-grounded-depth-hazard__vehicle-a-otter__ppo__seed-3655/manifest.json""},{""seed"":13655,""value"":1.0665005225397328,""manifest"":""runs/mis-06-grounded-depth-hazard__vehicle-a-otter__ppo__seed-13655/manifest.json""},{""seed"":23655,""value"":1.0665005225397328,""manifest"":""runs/mis-06-grounded-depth-hazard__vehicle-a-otter__ppo__seed-23655/manifest.json""},{""seed"":33655,""value"":1.0665005225397328,""manifest"":""runs/mis-06-grounded-depth-hazard__vehicle-a-otter__ppo__seed-33655/manifest.json""},{""seed"":43655,""value"":1.0665005225397328,""manifest"":""runs/mis-06-grounded-depth-hazard__vehicle-a-otter__ppo__seed-43655/manifest.json""}]"
mis-06-grounded-depth-hazard,mission-integration,complex,vehicle-b-rudder,progress_m,3.395083062713515,0,3.395083062713515,3.395083062713515,"[{""seed"":3655,""value"":3.395083062713515,""manifest"":""runs/mis-06-grounded-depth-hazard__vehicle-b-rudder__ppo__seed-3655/manifest.json""},{""seed"":13655,""value"":3.395083062713515,""manifest"":""runs/mis-06-grounded-depth-hazard__vehicle-b-rudder__ppo__seed-13655/manifest.json""},{""seed"":23655,""value"":3.395083062713515,""manifest"":""runs/mis-06-grounded-depth-hazard__vehicle-b-rudder__ppo__seed-23655/manifest.json""},{""seed"":33655,""value"":3.395083062713515,""manifest"":""runs/mis-06-grounded-depth-hazard__vehicle-b-rudder__ppo__seed-33655/manifest.json""},{""seed"":43655,""value"":3.395083062713515,""manifest"":""runs/mis-06-grounded-depth-hazard__vehicle-b-rudder__ppo__seed-43655/manifest.json""}]"
mis-06-grounded-depth-hazard,mission-integration,complex,vehicle-c-azimuth,progress_m,0.024211007736055556,0,0.024211007736055556,0.024211007736055556,"[{""seed"":3655,""value"":0.024211007736055556,""manifest"":""runs/mis-06-grounded-depth-hazard__vehicle-c-azimuth__ppo__seed-3655/manifest.json""},{""seed"":13655,""value"":0.024211007736055556,""manifest"":""runs/mis-06-grounded-depth-hazard__vehicle-c-azimuth__ppo__seed-13655/manifest.json""},{""seed"":23655,""value"":0.024211007736055556,""manifest"":""runs/mis-06-grounded-depth-hazard__vehicle-c-azimuth__ppo__seed-23655/manifest.json""},{""seed"":33655,""value"":0.024211007736055556,""manifest"":""runs/mis-06-grounded-depth-hazard__vehicle-c-azimuth__ppo__seed-33655/manifest.json""},{""seed"":43655,""value"":0.024211007736055556,""manifest"":""runs/mis-06-grounded-depth-hazard__vehicle-c-azimuth__ppo__seed-43655/manifest.json""}]"
