time_s,velocity_body_x,velocity_body_y,current_body_x,current_body_y,force_body_x,force_body_y,force_world_x,force_world_y,moment_body_z,added_mass_body_xx,added_mass_body_yy,added_mass_body_rr
0.05,0,0,0,0,0,0,0,0,-0,38.5753,3.26472,1.4313
0.1,-0.0344897,-0.0132696,0,0,0,0,0,0,-0,38.5753,3.26472,1.4313
0.15,-0.0687711,-0.026403,0,0,0,0,0,0,-0,38.5753,3.2647,1.4313
0.2,-0.102806,-0.0393906,0,0,0,0,0,0,-0,38.5754,3.2646,1.4313
0.25,-0.136556,-0.0522243,0,0,0,0,0,0,-0,38.5757,3.26431,1.4313
0.3,-0.169984,-0.0648979,0,0,0,0,0,0,-0,38.5763,3.2637,1.4313
0.35,-0.203053,-0.0774068,0,0,0,0,0,0,-0,38.5774,3.2626,1.4313
0.4,-0.235725,-0.0897486,0,0,0,0,0,0,-0,38.5792,3.26081,1.4313
0.45,-0.267962,-0.101923,0,0,0,0,0,0,-0,38.5819,3.25809,1.4313
0.5,-0.299728,-0.113933,0,0,0,0,0,0,-0,38.5858,3.2542,1.4313
0.55,-0.330984,-0.125783,0,0,0,0,0,0,-0,38.5912,3.24885,1.4313
0.6,-0.361694,-0.13748,0,0,0,0,0,0,-0,38.5982,3.24176,1.4313
0.65,-0.391819,-0.149033,0,0,0,0,0,0,-0,38.6074,3.23263,1.4313
0.7,-0.421322,-0.160455,0,0,0,0,0,0,-0,38.6188,3.22118,1.4313
0.75,-0.450166,-0.171758,0,0,0,0,0,0,-0,38.6329,3.20711,1.4313
0.8,-0.478314,-0.18296,0,0,0,0,0,0,-0,38.6498,3.19017,1.4313
0.85,-0.505728,-0.194077,0,0,0,0,0,0,-0,38.6699,3.17011,1.4313
0.9,-0.532373,-0.20513,0,0,0,0,0,0,-0,38.6932,3.14676,1.4313
0.95,-0.558211,-0.216137,0,0,0,0,0,0,-0,38.72,3.11998,1.4313
1,-0.583206,-0.227122,0,0,0,0,0,0,-0,38.7503,3.08972,1.4313
1.05,-0.607324,-0.238106,0,0,0,0,0,0,-0,38.784,3.05601,1.4313
1.1,-0.630529,-0.249111,0,0,0,0,0,0,-0,38.821,3.01902,1.4313
1.15,-0.652787,-0.260161,0,0,0,0,0,0,-0,38.861,2.97903,1.4313
1.2,-0.674063,-0.271277,0,0,0,0,0,0,-0,38.9035,2.93647,1.4313
1.25,-0.694324,-0.282481,0,0,0,0,0,0,-0,38.948,2.89196,1.4313
1.3,-0.713536,-0.293793,0,0,0,0,0,0,-0,38.9937,2.8463,1.4313
1.35,-0.731668,-0.305233,0,0,0,0,0,0,-0,39.0395,2.80053,1.4313
1.4,-0.748686,-0.316817,0,0,0,0,0,0,-0,39.0841,2.75594,1.4313
1.45,-0.76456,-0.32856,0,0,0,0,0,0,-0,39.1259,2.71406,1.4313
1.5,-0.779257,-0.340475,0,0,0,0,0,0,-0,39.1633,2.67674,1.4313
1.55,-0.792748,-0.352571,0,0,0,0,0,0,-0,39.1939,2.64612,1.4313
1.6,-0.770686,-0.351141,0,0,0,0,0,0,-0,39.2153,2.62467,1.4313
1.65,-0.748803,-0.349964,0,0,0,0,0,0,-0,39.2248,2.61522,1.4313
1.7,-0.727117,-0.348981,0,0,0,0,0,0,-0,39.2195,2.62047,1.4313
1.75,-0.705648,-0.348138,0,0,0,0,0,0,-0,39.197,2.64297,1.4313
1.8,-0.684414,-0.347387,0,0,0,0,0,0,-0,39.1549,2.68507,1.4313
1.85,-0.663429,-0.346687,0,0,0,0,0,0,-0,39.0911,2.74889,1.4313
1.9,-0.642708,-0.346002,0,0,0,0,0,0,-0,39.0037,2.83631,1.4313
1.95,-0.622267,-0.345299,0,0,0,0,0,0,-0,38.8911,2.94895,1.4313
2,-0.602118,-0.34455,0,0,0,0,0,0,-0,38.7518,3.08815,1.4313
2.05,-0.582273,-0.343734,0,0,0,0,0,0,-0,38.585,3.25499,1.4313
2.1,-0.562746,-0.34283,0,0,0,0,0,0,-0,38.3898,3.45023,1.4313
2.15,-0.543547,-0.341823,0,0,0,0,0,0,-0,38.1656,3.67436,1.4313
2.2,-0.524688,-0.3407,0,0,0,0,0,0,-0,37.9124,3.92761,1.4313
2.25,-0.506179,-0.33945,0,0,0,0,0,0,-0,37.6301,4.20992,1.4313
2.3,-0.488029,-0.338067,0,0,0,0,0,0,-0,37.319,4.52097,1.4313
2.35,-0.470247,-0.336545,0,0,0,0,0,0,-0,36.9798,4.86022,1.4313
2.4,-0.45284,-0.334882,0,0,0,0,0,0,-0,36.6131,5.2269,1.4313
2.45,-0.435816,-0.333077,0,0,0,0,0,0,-0,36.22,5.62002,1.4313
2.5,-0.41918,-0.33113,0,0,0,0,0,0,-0,35.8016,6.03843,1.4313
2.55,-0.402938,-0.329044,0,0,0,0,0,0,-0,35.3592,6.48081,1.4313
2.6,-0.387093,-0.326821,0,0,0,0,0,0,-0,34.8943,6.94571,1.4313
2.65,-0.371649,-0.324466,0,0,0,0,0,0,-0,34.4084,7.43157,1.4313
2.7,-0.356608,-0.321984,0,0,0,0,0,0,-0,33.9033,7.93672,1.4313
2.75,-0.34197,-0.319381,0,0,0,0,0,0,-0,33.3806,8.45945,1.4313
2.8,-0.327737,-0.316663,0,0,0,0,0,0,-0,32.842,8.99798,1.4313
2.85,-0.313907,-0.313837,0,0,0,0,0,0,-0,32.2895,9.55051,1.4313
2.9,-0.300479,-0.310911,0,0,0,0,0,0,-0,31.7247,10.1153,1.4313
2.95,-0.287451,-0.307891,0,0,0,0,0,0,-0,31.1496,10.6904,1.4313
3,-0.27482,-0.304786,0,0,0,0,0,0,-0,30.5658,11.2742,1.4313
3.05,-0.262581,-0.301603,0,0,0,0,0,0,-0,29.9751,11.8649,1.4313
3.1,-0.250731,-0.298349,0,0,0,0,0,0,-0,29.3792,12.4608,1.4313
3.15,-0.239263,-0.295032,0,0,0,0,0,0,-0,28.7797,13.0603,1.4313
3.2,-0.228174,-0.291659,0,0,0,0,0,0,-0,28.1782,13.6618,1.4313
3.25,-0.217455,-0.288237,0,0,0,0,0,0,-0,27.5761,14.2639,1.4313
3.3,-0.207101,-0.284775,0,0,0,0,0,0,-0,26.9748,14.8652,1.4313
3.35,-0.197104,-0.281277,0,0,0,0,0,0,-0,26.3757,15.4643,1.4313
3.4,-0.187458,-0.27775,0,0,0,0,0,0,-0,25.7799,16.0601,1.4313
3.45,-0.178154,-0.274202,0,0,0,0,0,0,-0,25.1886,16.6514,1.4313
3.5,-0.169185,-0.270636,0,0,0,0,0,0,-0,24.6029,17.2371,1.4313
3.55,-0.160542,-0.26706,0,0,0,0,0,0,-0,24.0236,17.8164,1.4313
3.6,-0.152217,-0.263478,0,0,0,0,0,0,-0,23.4516,18.3884,1.4313
3.65,-0.144202,-0.259896,0,0,0,0,0,0,-0,22.8878,18.9522,1.4313
3.7,-0.136488,-0.256317,0,0,0,0,0,0,-0,22.3328,19.5072,1.4313
3.75,-0.129066,-0.252746,0,0,0,0,0,0,-0,21.7872,20.0528,1.4313
3.8,-0.121929,-0.249187,0,0,0,0,0,0,-0,21.2516,20.5884,1.4313
3.85,-0.115067,-0.245644,0,0,0,0,0,0,-0,20.7264,21.1136,1.4313
3.9,-0.108472,-0.24212,0,0,0,0,0,0,-0,20.212,21.628,1.4313
3.95,-0.102136,-0.238618,0,0,0,0,0,0,-0,19.7087,22.1313,1.4313
4,-0.0960501,-0.235142,0,0,0,0,0,0,-0,19.2168,22.6232,1.4313
4.05,-0.0902063,-0.231693,0,0,0,0,0,0,-0,18.7365,23.1035,1.4313
4.1,-0.0845964,-0.228274,0,0,0,0,0,0,-0,18.2679,23.5721,1.4313
4.15,-0.0792126,-0.224887,0,0,0,0,0,0,-0,17.8112,24.0288,1.4313
4.2,-0.0740469,-0.221534,0,0,0,0,0,0,-0,17.3664,24.4736,1.4313
4.25,-0.0690918,-0.218217,0,0,0,0,0,0,-0,16.9335,24.9065,1.4313
4.3,-0.0643397,-0.214938,0,0,0,0,0,0,-0,16.5125,25.3275,1.4313
4.35,-0.0597833,-0.211697,0,0,0,0,0,0,-0,16.1034,25.7366,1.4313
4.4,-0.0554156,-0.208495,0,0,0,0,0,0,-0,15.706,26.134,1.4313
4.45,-0.0512296,-0.205335,0,0,0,0,0,0,-0,15.3203,26.5197,1.4313
4.5,-0.0472184,-0.202216,0,0,0,0,0,0,-0,14.9461,26.8939,1.4313
4.55,-0.0433757,-0.199139,0,0,0,0,0,0,-0,14.5832,27.2568,1.4313
4.6,-0.039695,-0.196105,0,0,0,0,0,0,-0,14.2315,27.6085,1.4313
4.65,-0.0361701,-0.193115,0,0,0,0,0,0,-0,13.8908,27.9492,1.4313
4.7,-0.0327951,-0.190168,0,0,0,0,0,0,-0,13.5609,28.2791,1.4313
4.75,-0.0295642,-0.187265,0,0,0,0,0,0,-0,13.2416,28.5984,1.4313
4.8,-0.0264718,-0.184406,0,0,0,0,0,0,-0,12.9326,28.9074,1.4313
4.85,-0.0235124,-0.181592,0,0,0,0,0,0,-0,12.6337,29.2063,1.4313
4.9,-0.020681,-0.178821,0,0,0,0,0,0,-0,12.3447,29.4953,1.4313
4.95,-0.0179723,-0.176094,0,0,0,0,0,0,-0,12.0653,29.7747,1.4313
5,-0.0153816,-0.173412,0,0,0,0,0,0,-0,11.7953,30.0447,1.4313
5.05,-0.0129041,-0.170772,0,0,0,0,0,0,-0,11.5344,30.3056,1.4313
5.1,-0.0105354,-0.168177,0,0,0,0,0,0,-0,11.2824,30.5576,1.4313
5.15,-0.00827111,-0.165624,0,0,0,0,0,0,-0,11.039,30.801,1.4313
5.2,-0.00610698,-0.163114,0,0,0,0,0,0,-0,10.804,31.036,1.4313
5.25,-0.004039,-0.160646,0,0,0,0,0,0,-0,10.5771,31.2629,1.4313
5.3,-0.00206329,-0.158221,0,0,0,0,0,0,-0,10.3582,31.4818,1.4313
