rollout/ep_rew_mean,time/iterations,rollout/ep_len_mean,time/time_elapsed,time/fps,time/total_timesteps,train/value_loss,train/clip_range,train/n_updates,train/loss,train/learning_rate,train/entropy_loss,train/policy_gradient_loss,train/approx_kl,train/clip_fraction,train/std,train/explained_variance
-117.37554185999997,1,1153.64,16,126,505856,,,,,,,,,,,
-117.37554185999997,2,1153.64,18,216,507904,0.577202221006155,0.2,2470,0.10485272854566574,0.0003,-2.4820233047008515,-0.0009817264042794704,0.02385161,0.126953125,0.8351856470108032,0.9771150350570679
-115.31242105999999,3,1153.64,24,252,509952,3.5275153517723083,0.2,2480,0.7709606289863586,0.0003,-2.477752482891083,0.043774356204085055,0.105998755,0.430517578125,0.835833728313446,0.9747595191001892
-115.31242105999999,4,1153.64,26,307,512000,2.718732897937298,0.2,2490,0.4644438326358795,0.0003,-2.479390925168991,-0.0037808301218319683,0.003197623,0.033935546875,0.8359286189079285,0.9914894104003906
-122.30957172000001,5,1153.64,32,319,514048,3.4670850694179536,0.2,2500,0.3763355016708374,0.0003,-2.479028958082199,-0.001324382657185197,0.004330769,0.016748046875,0.8359307050704956,0.46769922971725464
-122.30957172000001,6,1153.64,34,357,516096,9.331421414017678,0.2,2510,0.2524750828742981,0.0003,-2.4801080167293548,-0.0017173162545077504,0.00455238,0.04833984375,0.8368356227874756,0.9604962468147278
-122.97446457,7,1152.24,44,319,518144,2.1585024014115333,0.2,2520,0.35610705614089966,0.0003,-2.4809555530548097,-0.002414077369030565,0.0038808852,0.02978515625,0.8361612558364868,0.9708461761474609
-124.38550853000001,8,1152.24,50,327,520192,62.69170627593994,0.2,2530,14.122601509094238,0.0003,-2.479211127758026,-0.002627351530827582,0.003497367,0.017919921875,0.8355135917663574,0.7838984727859497
-124.61594083000001,9,1152.24,55,334,522240,2.7004101872444153,0.2,2540,0.5432015657424927,0.0003,-2.4763052225112916,-0.004315476072952152,0.0047837417,0.03505859375,0.8335726261138916,0.9852545261383057
-129.43721398,10,1152.24,65,311,524288,5.188878268003464,0.2,2550,0.7881705164909363,0.0003,-2.4738200426101686,-0.0030852158553898333,0.005441974,0.024072265625,0.8332685232162476,0.9309009313583374
-129.43721398,11,1152.24,68,330,526336,1.9161513864994049,0.2,2560,0.42412692308425903,0.0003,-2.4722294390201567,-0.0017498067230917514,0.0044470634,0.02080078125,0.832735538482666,0.9933514595031738
-132.82351586000004,12,1153.79,81,301,528384,2.2632297851145267,0.2,2570,0.2858697772026062,0.0003,-2.469381481409073,-0.004022257617907599,0.0056947796,0.021728515625,0.8295282125473022,0.9030395746231079
-132.82351586000004,13,1153.79,83,317,530432,1.7972689509391784,0.2,2580,0.43481674790382385,0.0003,-2.461587816476822,-0.0020960391731932758,0.00574368,0.050390625,0.8285473585128784,0.9968000650405884
-136.70971587000003,14,1154.14,97,294,532480,1.0990159563720225,0.2,2590,0.23496194183826447,0.0003,-2.4649065375328063,0.000288293045014143,0.0025806162,0.094970703125,0.8319092988967896,0.9833911657333374
-136.70971587000003,15,1154.14,99,308,534528,19.2877139210701,0.2,2600,1.3248718976974487,0.0003,-2.4720218658447264,-0.002303959080018103,0.0033173682,0.079638671875,0.8335801362991333,0.9623299837112427
-138.40319268000002,16,1154.14,107,304,536576,1.8871093899011613,0.2,2610,0.7033217549324036,0.0003,-2.477372354269028,-0.0030548055772669615,0.005554931,0.048046875,0.8376244306564331,0.9868767261505127
-141.11083639,17,1154.14,115,301,538624,4.721802657842636,0.2,2620,1.1101382970809937,0.0003,-2.486169457435608,-0.006563138938508928,0.01214363,0.110888671875,0.8401322364807129,0.9711825847625732
-141.11083639,18,1154.14,117,312,540672,1.3481563434004784,0.2,2630,0.21624311804771423,0.0003,-2.493557333946228,-0.003597471897955984,0.0054348763,0.0400390625,0.8448234796524048,0.9900665283203125
-145.89035848000003,19,1154.14,131,296,542720,0.5941519621759653,0.2,2640,0.08951552212238312,0.0003,-2.49834303855896,-0.004864519357215613,0.009136962,0.074658203125,0.8408082723617554,0.9875499606132507
-145.89035848000003,20,1154.14,133,306,544768,1.6726257413625718,0.2,2650,0.6236557960510254,0.0003,-2.485198789834976,-0.006282856815960258,0.009479118,0.093505859375,0.8367520570755005,0.9959328770637512
-149.18609166,21,1156.43,144,297,546816,1.4698224894702434,0.2,2660,0.3026704788208008,0.0003,-2.482346123456955,-0.005461738118901849,0.024875809,0.11552734375,0.838864266872406,0.9819395542144775
-147.90361828000002,22,1156.43,149,301,548864,1.9805000022053718,0.2,2670,0.5110887885093689,0.0003,-2.48467178940773,-0.005036542238667607,0.009460865,0.06630859375,0.8370258212089539,0.9923349618911743
-148.89446048,23,1157.85,154,304,550912,0.8325351685285568,0.2,2680,0.19167916476726532,0.0003,-2.477669084072113,-0.006022016901988536,0.0053416723,0.07919921875,0.8337788581848145,0.9943023324012756
-155.31010957,24,1163.68,165,296,552960,29.669649243354797,0.2,2690,11.124349594116211,0.0003,-2.4730550765991213,-0.007374192168936133,0.0032001068,0.068798828125,0.8346271514892578,0.9075698256492615
-158.18410388,25,1167.17,170,299,555008,1.5769509434700013,0.2,2700,0.2749480903148651,0.0003,-2.4779278695583344,-0.003923903114628047,0.0078052543,0.05791015625,0.8365169763565063,0.9944650530815125
-156.17526080000005,26,1166.85,181,293,557056,1.6386701330542564,0.2,2710,0.4282957911491394,0.0003,-2.4794727563858032,-0.0026422956318128852,0.0059023425,0.028857421875,0.8353514075279236,0.9700915813446045
-156.56956957,27,1168.29,186,296,559104,15.891343891620636,0.2,2720,3.5908634662628174,0.0003,-2.474746513366699,-0.0022433225298300386,0.0077991425,0.074365234375,0.8324089050292969,0.9627329707145691
-156.74888539000003,28,1168.89,197,290,561152,15.42079022526741,0.2,2730,4.364294052124023,0.0003,-2.469710057973862,-0.0025423633167520167,0.0077024084,0.03515625,0.8322418928146362,0.844073474407196
-154.99171751000003,29,1164.68,202,293,563200,28.804947519302367,0.2,2740,11.268904685974121,0.0003,-2.471444571018219,-0.001082167960703373,0.004517693,0.038525390625,0.8336129188537598,0.9190837740898132
-154.34798849999999,30,1164.09,213,287,565248,20.145783269405364,0.2,2750,6.4540629386901855,0.0003,-2.472409725189209,-0.0023202083306387068,0.006605485,0.035595703125,0.8314557671546936,0.8119302988052368
-155.52827541000002,31,1164.09,218,290,567296,18.86337003707886,0.2,2760,2.962629795074463,0.0003,-2.4652908205986024,-0.0020841221790760755,0.0058397613,0.026025390625,0.8292511701583862,0.9672430157661438
-152.44127004,32,1164.4,226,289,569344,1.8574990510940552,0.2,2770,0.5317367911338806,0.0003,-2.461240994930267,-0.006390224350616336,0.00928448,0.079296875,0.827539324760437,0.9873178005218506
-152.57565713,33,1164.4,232,291,571392,10.270819592475892,0.2,2780,4.977573871612549,0.0003,-2.457267129421234,-0.00481686427956447,0.005771393,0.07197265625,0.8255492448806763,0.9751811623573303
-151.96943467000003,34,1160.89,243,286,573440,1.3550807669758798,0.2,2790,0.3675835430622101,0.0003,-2.4525132060050963,-0.0048724783584475516,0.003863854,0.048486328125,0.8244667053222656,0.9959095120429993
-154.31819058000002,35,1164.24,248,288,575488,10.502621346712113,0.2,2800,3.6004693508148193,0.0003,-2.451893872022629,-0.006664618314243853,0.003995882,0.064013671875,0.8250603675842285,0.9845346212387085
-156.98608178000003,36,1167.87,256,287,577536,2.179984673857689,0.2,2810,0.31881269812583923,0.0003,-2.452335226535797,-0.003706857666838914,0.0068775285,0.05791015625,0.8238872289657593,0.9870043396949768
-159.33613453,37,1171.51,265,285,579584,2.965983137488365,0.2,2820,0.4567844569683075,0.0003,-2.4521038830280304,-0.0034661147161386906,0.0047764266,0.043212890625,0.8259410858154297,0.9856641292572021
-158.49179673,38,1171.51,270,287,581632,2.2077456012368204,0.2,2830,0.5402597188949585,0.0003,-2.455587273836136,-0.004033989470917732,0.0088527845,0.06396484375,0.8255169987678528,0.9930775761604309
-154.23244856,39,1171.51,279,286,583680,1.277390617132187,0.2,2840,0.33462610840797424,0.0003,-2.4533673405647276,-0.0057268356322310865,0.006607461,0.060595703125,0.8249290585517883,0.9936049580574036
-153.12086972,40,1171.51,284,287,585728,1.0633309029042721,0.2,2850,0.23141005635261536,0.0003,-2.4533310294151307,-0.00505344970151782,0.0051929043,0.04951171875,0.8270622491836548,0.9953147172927856
-151.95132265,41,1171.51,295,283,587776,3.189068987965584,0.2,2860,0.5482468605041504,0.0003,-2.4598231434822084,-0.0033430897747166455,0.0052968524,0.03349609375,0.8278264999389648,0.9783197641372681
-150.33687152000005,42,1170.29,301,285,589824,1.4088228791952133,0.2,2870,0.6198760867118835,0.0003,-2.461336672306061,-0.0032153032952919602,0.005983884,0.038037109375,0.8291981220245361,0.9951236248016357
-147.73809999000002,43,1170.29,309,284,591872,29.67739826440811,0.2,2880,1.7354817390441895,0.0003,-2.4619939148426058,-0.0017324688960798085,0.008538476,0.0349609375,0.827375054359436,0.5747082829475403
-142.64027769999998,44,1168.67,317,283,593920,2.8698371574282646,0.2,2890,0.3622451424598694,0.0003,-2.45636026263237,-0.0026185498922131956,0.0059461556,0.021435546875,0.825751543045044,0.9668776392936707
-141.42055494,45,1168.67,323,284,595968,13.564009696245193,0.2,2900,2.239161252975464,0.0003,-2.4548365414142608,-0.0033699850551784038,0.006808347,0.05625,0.8258285522460938,0.9010905027389526
-136.54076831999998,46,1168.67,334,281,598016,1.54790950268507,0.2,2910,0.28793075680732727,0.0003,-2.452066922187805,-0.0075102997943758965,0.004307547,0.06875,0.8222173452377319,0.9704985022544861
-136.54076831999998,47,1168.67,337,285,600064,10.711856460571289,0.2,2920,1.9827162027359009,0.0003,-2.442577785253525,-0.003116971638519317,0.004046745,0.039111328125,0.8197901248931885,0.9235166907310486
-136.56374136,48,1167.06,351,279,602112,2.563961108028889,0.2,2930,0.33348649740219116,0.0003,-2.440073961019516,-0.0012014999170787632,0.0029420098,0.008154296875,0.820105791091919,0.991292417049408
-136.56374136,49,1167.06,353,283,604160,17.864137136936186,0.2,2940,4.740420341491699,0.0003,-2.4415890753269194,-0.003274172975216061,0.005787271,0.05478515625,0.8193224668502808,0.9646397233009338
-136.34832562000003,50,1167.06,359,284,606208,3.2497059151530268,0.2,2950,0.5240183472633362,0.0003,-2.4370994687080385,-0.0035891301929950716,0.003845962,0.031591796875,0.8181450963020325,0.9753269553184509
-140.91492193,51,1167.06,370,281,608256,5.830119276046753,0.2,2960,0.529892086982727,0.0003,-2.435747331380844,-0.0018784890067763626,0.005624543,0.02451171875,0.8176535964012146,0.9913938045501709
-138.15933477,52,1167.06,376,283,610304,4.252067667245865,0.2,2970,0.4606240689754486,0.0003,-2.4362633764743804,-0.0043748861877247695,0.004432609,0.029150390625,0.8199431896209717,0.9789374470710754
-135.88893912,53,1167.06,387,280,612352,2.3633492305874824,0.2,2980,0.42944636940956116,0.0003,-2.442644476890564,-0.0023782831151038407,0.003164946,0.016015625,0.8206474781036377,0.9954866170883179
-135.88893912,54,1167.06,389,283,614400,2.9142268002033234,0.2,2990,0.65458744764328,0.0003,-2.4421904921531676,-0.005253383284434676,0.006200844,0.061962890625,0.8219702243804932,0.9967660307884216
-146.16165848,55,1167.06,403,279,616448,2.4522819362580774,0.2,3000,0.16544166207313538,0.0003,-2.4442003190517427,-0.0023604477755725384,0.0065187686,0.028564453125,0.8188000917434692,0.9975987076759338
-146.16165848,56,1167.06,406,282,618496,4.9456320881843565,0.2,3010,0.810113787651062,0.0003,-2.4345627665519713,-0.006839379773009568,0.00791656,0.07763671875,0.8180838823318481,0.9961625337600708
-141.43011111,57,1167.06,412,283,620544,2.319055604934692,0.2,3020,0.5293174982070923,0.0003,-2.4372786223888396,-0.0006015450810082257,0.0024703154,0.0443359375,0.8185792565345764,0.9891510605812073
-151.13892733999998,58,1167.06,423,280,622592,2.0100569181144237,0.2,3030,0.2831172049045563,0.0003,-2.4371496200561524,-0.0038011999800801276,0.0042755897,0.028173828125,0.8190947771072388,0.9972968101501465
-156.78629363,59,1167.06,428,281,624640,1.8352047026157379,0.2,3040,0.37932345271110535,0.0003,-2.4371186971664427,-0.004239917802624405,0.0047231913,0.05166015625,0.8172512054443359,0.995561957359314
-165.39254904999999,60,1167.06,439,279,626688,2.433873265981674,0.2,3050,0.42860788106918335,0.0003,-2.432491052150726,-0.0015221353271044791,0.0026637176,0.00693359375,0.8166559934616089,0.9980586171150208
-159.84582632,61,1164.11,445,280,628736,6.498219430446625,0.2,3060,1.4736714363098145,0.0003,-2.4336664855480192,-0.0020057742251083253,0.0050729257,0.01240234375,0.818388819694519,0.9951731562614441
-154.11491829,62,1162.35,456,278,630784,22.36065011024475,0.2,3070,1.0867804288864136,0.0003,-2.437942463159561,-0.00034895651042461396,0.006417809,0.046435546875,0.8195155262947083,0.9278980493545532
-154.55345547000002,63,1164.78,461,279,632832,40.74485968351364,0.2,3080,10.625287055969238,0.0003,-2.439927190542221,-0.0010286105331033467,0.003530406,0.013525390625,0.8193424940109253,0.9753402471542358
-155.60066585,64,1165.74,467,280,634880,2.560138736665249,0.2,3090,0.27772316336631775,0.0003,-2.437697410583496,-0.004246915166731924,0.00767005,0.056884765625,0.8188831806182861,0.9788137078285217
-160.16130624000002,65,1166.15,475,279,636928,1.2825828097760676,0.2,3100,0.3296384811401367,0.0003,-2.4384206533432007,-0.003600697312504053,0.0047384975,0.039794921875,0.819520115852356,0.9978934526443481
-159.37384818000004,66,1166.15,480,281,638976,3.1229052633047103,0.2,3110,0.9226086139678955,0.0003,-2.4394937336444853,-0.007346095773391426,0.0066202837,0.07275390625,0.8196594715118408,0.9958710670471191
-154.87118078,67,1166.15,492,278,641024,2.860085439682007,0.2,3120,0.6565494537353516,0.0003,-2.438402181863785,-0.0038516710512340067,0.0058827614,0.033251953125,0.8184152841567993,0.9820354580879211
-154.95713938999998,68,1166.15,497,279,643072,1.7523465432226657,0.2,3130,0.1884315311908722,0.0003,-2.437227672338486,-0.005980051099322736,0.0042346087,0.03984375,0.8202996253967285,0.9942442774772644
-150.3968227,69,1163.24,508,277,645120,6.367307117581367,0.2,3140,1.211824893951416,0.0003,-2.4429636776447294,-0.0012065124581567943,0.003108767,0.026171875,0.8216674327850342,0.992029070854187
-147.53217265,70,1163.24,514,278,647168,23.061551588773728,0.2,3150,1.9540293216705322,0.0003,-2.4452673852443696,-0.002109330683015287,0.0026790274,0.02109375,0.8232213258743286,0.9807457327842712
-144.09287275,71,1163.14,522,278,649216,3.0781752705574035,0.2,3160,0.4627789258956909,0.0003,-2.4499769628047945,-0.0025306166731752454,0.002733796,0.024462890625,0.8255560398101807,0.9547304511070251
-135.68419487,72,1159.38,530,277,651264,15.708465361595154,0.2,3170,2.7993719577789307,0.0003,-2.454633665084839,-0.004271791118662804,0.0055064997,0.066943359375,0.8247578144073486,0.9342104196548462
-133.94789484999998,73,1159.38,536,278,653312,14.06388063430786,0.2,3180,2.8611679077148438,0.0003,-2.4492987632751464,-0.004902867088094354,0.008809779,0.094873046875,0.8233336210250854,0.9019543528556824
-131.06597399,74,1157.72,544,278,655360,3.3488221749663354,0.2,3190,0.4148579239845276,0.0003,-2.4483557820320128,-0.0032385417958721518,0.003151117,0.026611328125,0.8237454295158386,0.9834623336791992
-127.74870944000003,75,1154.6,555,276,657408,7.548123121261597,0.2,3200,2.3465659618377686,0.0003,-2.45033238530159,-0.0020377475302666426,0.0048777745,0.03056640625,0.8252822160720825,0.996231198310852
-129.34279954000002,76,1154.6,561,277,659456,7.235853785276413,0.2,3210,2.502981185913086,0.0003,-2.4520993292331696,-0.0023144799401052297,0.0036817007,0.021435546875,0.8237314224243164,0.9893710613250732
-122.90091555999999,77,1151.17,569,276,661504,1.6019858047366142,0.2,3220,0.39616358280181885,0.0003,-2.4483301103115083,-0.004144241008907557,0.0074512125,0.055126953125,0.8246167898178101,0.9895604252815247
-125.47114314999999,78,1149.06,578,276,663552,5.975506514310837,0.2,3230,0.9247508645057678,0.0003,-2.4507139146327974,-0.003315947245573625,0.005947051,0.039013671875,0.8243811130523682,0.9957301020622253
-120.87672621000002,79,1147.29,589,274,665600,5.211647686362267,0.2,3240,1.6737314462661743,0.0003,-2.449343132972717,-0.003601504443213344,0.005369453,0.0373046875,0.824065625667572,0.9936624765396118
-118.25652792000002,80,1145.12,594,275,667648,5.342203670740128,0.2,3250,0.7286106944084167,0.0003,-2.4487285792827604,-0.005382458074018359,0.007803947,0.057421875,0.8234671354293823,0.9914339184761047
-118.25652792000002,81,1145.12,597,277,669696,3.3830668553709984,0.2,3260,1.8344627618789673,0.0003,-2.440489709377289,-0.00107406695606187,0.0057696374,0.031005859375,0.8153563737869263,0.9507520198822021
-117.89459095000001,82,1147.65,611,274,671744,29.334105527400972,0.2,3270,2.325901508331299,0.0003,-2.4233683228492735,-0.0031307138269767165,0.0049391845,0.066064453125,0.8133026957511902,0.8662256598472595
-117.89459095000001,83,1147.65,614,276,673792,4.504060573875904,0.2,3280,0.6365126967430115,0.0003,-2.42426775097847,-0.005594605254009366,0.0037780078,0.037109375,0.8142762780189514,0.9746142625808716
-126.77561728000002,84,1151.88,628,273,675840,2.5490124791860582,0.2,3290,0.36114412546157837,0.0003,-2.4279772996902467,-0.0017324169049970806,0.0054806992,0.042236328125,0.8152291774749756,0.9814554452896118
-126.77561728000002,85,1151.88,630,275,677888,4.336723789572716,0.2,3300,0.7045996785163879,0.0003,-2.4278508603572844,-0.007783706637565046,0.0059738173,0.107421875,0.8147116899490356,0.9947770833969116
-130.35055524,86,1159.18,642,274,679936,0.7129928451031446,0.2,3310,0.12275917828083038,0.0003,-2.424975109100342,-0.004926312959287316,0.01408424,0.073876953125,0.8121090531349182,0.9867585301399231
-130.43915727,87,1159.18,647,275,681984,3.1315321177244186,0.2,3320,0.7190335392951965,0.0003,-2.4190461933612823,-0.0002845247625373304,0.005172406,0.096240234375,0.8115020990371704,0.9935954213142395
-130.43915727,88,1159.18,650,277,684032,1.3730896830558776,0.2,3330,0.4735533595085144,0.0003,-2.4178795397281645,-0.002731286856578663,0.0046981247,0.018603515625,0.8100348114967346,0.9914017915725708
-135.94997657000002,89,1162.13,664,274,686080,1.445629733800888,0.2,3340,0.19286374747753143,0.0003,-2.4134767591953277,-0.00612955818651244,0.0072727147,0.061865234375,0.8086286783218384,0.9972937107086182
-135.94997657000002,90,1162.13,667,276,688128,2.5402581244707108,0.2,3350,0.5332962274551392,0.0003,-2.412323546409607,-0.004334866144927218,0.005541915,0.036376953125,0.8094164133071899,0.9965218305587769
-140.31936163,91,1165.64,678,274,690176,4.822656366229057,0.2,3360,0.8238182663917542,0.0003,-2.4162869572639467,-0.004270253714639694,0.004796304,0.046826171875,0.8116115927696228,0.9741875529289246
-140.12396541000004,92,1165.64,684,275,692224,2.613247847557068,0.2,3370,0.523510217666626,0.0003,-2.415477615594864,-0.005947822239249945,0.005469179,0.054248046875,0.8056391477584839,0.9963520169258118
-139.66947517,93,1165.64,695,273,694272,2.4388025656342505,0.2,3380,0.5070711374282837,0.0003,-2.3998645544052124,-0.00242374261142686,0.0056568673,0.06513671875,0.8035119771957397,0.9776713252067566
-141.21784689999998,94,1165.64,700,274,696320,8.37870478630066,0.2,3390,4.1815667152404785,0.0003,-2.400578051805496,-0.0032008823240175844,0.0057681464,0.044677734375,0.8040684461593628,0.9794386029243469
-138.75000846999998,95,1163.1,706,275,698368,1.946358060836792,0.2,3400,0.35284748673439026,0.0003,-2.4012762784957884,-0.003552189189940691,0.0050889943,0.046826171875,0.8046485185623169,0.9919988512992859
-145.16415863,96,1163.1,717,274,700416,15.752326047420501,0.2,3410,2.375178337097168,0.0003,-2.4035481035709383,-0.002512593800202012,0.0039409176,0.0228515625,0.8051424026489258,0.9827963709831238
-142.51391531000002,97,1160.11,722,274,702464,1.5076217457652092,0.2,3420,0.38950663805007935,0.0003,-2.4024424254894257,-0.005646372004412115,0.008454989,0.039794921875,0.8035598993301392,0.9975379109382629
-145.47000844000002,98,1160.11,731,274,704512,7.428771705925465,0.2,3430,0.4515332579612732,0.0003,-2.3976724982261657,-0.0028084872174076736,0.0052651083,0.060498046875,0.8016353845596313,0.9602773785591125
-147.33136892000002,99,1161.33,739,274,706560,6.194831937551498,0.2,3440,1.243944764137268,0.0003,-2.3938227534294128,-0.0016819178941659628,0.004234878,0.01435546875,0.8012798428535461,0.9845554828643799
-141.57999532,100,1154.88,747,273,708608,6.56793837249279,0.2,3450,0.796269416809082,0.0003,-2.3957499146461485,-0.006867686309851706,0.005353031,0.037255859375,0.8032364845275879,0.9499678611755371
-143.51644412,101,1156.5,753,274,710656,22.919329345226288,0.2,3460,2.9001927375793457,0.0003,-2.4012435972690582,-0.00186071062926203,0.0037970678,0.01357421875,0.8045741319656372,0.8153501152992249
-150.34534459999998,102,1156.5,764,273,712704,1.8043441496789456,0.2,3470,0.18017275631427765,0.0003,-2.4018167674541475,-0.004608182550873608,0.005980249,0.0673828125,0.8035428524017334,0.9968058466911316
-150.84672968,103,1156.5,770,273,714752,8.643235972523689,0.2,3480,1.5988850593566895,0.0003,-2.3982515037059784,-0.0018744775094091891,0.0036273312,0.02373046875,0.8029195666313171,0.9715187549591064
-142.11501612,104,1153.49,778,273,716800,1.4879772067070007,0.2,3490,0.28377586603164673,0.0003,-2.3972245156764984,-0.002773852925747633,0.005885194,0.031640625,0.8022295236587524,0.9950413107872009
-142.14441876,105,1152.15,786,273,718848,13.788351136446,0.2,3500,1.473372459411621,0.0003,-2.395799481868744,-0.0031124273722525687,0.0033812188,0.016064453125,0.8026413917541504,0.9656891226768494
-143.3172356,106,1152.15,792,273,720896,3.0590773299336433,0.2,3510,0.9085403680801392,0.0003,-2.398184072971344,-0.003383655857760459,0.006134739,0.075,0.8031277656555176,0.9886866807937622
-135.07843165,107,1152.15,803,272,722944,1.0770358875393868,0.2,3520,0.2259293794631958,0.0003,-2.400144076347351,-0.003967814636416734,0.006883541,0.0708984375,0.8059671521186829,0.9920270442962646
-134.91163666,108,1152.15,809,273,724992,1.4415477201342584,0.2,3530,0.3199283182621002,0.0003,-2.4073333621025084,-0.00496917157433927,0.0058279857,0.060205078125,0.8071730732917786,0.9918032288551331
-127.66422975000002,109,1149.58,820,272,727040,1.6207459464669227,0.2,3540,0.23965051770210266,0.0003,-2.4127981424331666,-0.005298793909605593,0.0071989475,0.08134765625,0.8135327696800232,0.9794698357582092
-127.66422975000002,110,1149.58,823,273,729088,13.760969614982605,0.2,3550,2.417512893676758,0.0003,-2.4287446677684783,-0.002394731086678803,0.003113521,0.051220703125,0.8163188099861145,0.9459815621376038
-112.75530743000002,111,1147.62,834,272,731136,2.146143689751625,0.2,3560,0.6544179320335388,0.0003,-2.428909695148468,-0.005525650538038463,0.006985808,0.06728515625,0.8149005770683289,0.9880322217941284
-112.71265653,112,1147.62,839,273,733184,6.330702468752861,0.2,3570,1.3356256484985352,0.0003,-2.4279639601707457,-0.005865544592961669,0.006109407,0.061669921875,0.8168845176696777,0.9816279411315918
-105.48933307000001,113,1141.99,850,271,735232,6.72286671847105,0.2,3580,0.30135321617126465,0.0003,-2.432162141799927,-0.004038713173940778,0.0037779203,0.028564453125,0.8160403966903687,0.901030421257019
-98.19374531,114,1141.99,856,272,737280,9.365975171327591,0.2,3590,1.2854646444320679,0.0003,-2.4273358404636385,-0.003518877911847085,0.005474386,0.038037109375,0.8132483959197998,0.9757938385009766
-92.38640297999999,115,1141.99,861,273,739328,1.8634868294000626,0.2,3600,0.45808011293411255,0.0003,-2.4208067536354063,-0.005081879114732147,0.005418783,0.045361328125,0.8109502792358398,0.9752819538116455
-90.87702706,116,1141.99,872,272,741376,2.231679904460907,0.2,3610,0.4302782118320465,0.0003,-2.4144477427005766,-0.0042401671526022255,0.0058266334,0.037353515625,0.8091199398040771,0.9967444539070129
-90.87702706,117,1141.99,875,273,743424,1.7663743659853934,0.2,3620,0.44219544529914856,0.0003,-2.4130956828594208,-0.004100828582886606,0.019622438,0.06796875,0.8096699714660645,0.9973437786102295
-101.54012128000001,118,1146.7,889,271,745472,6.346316832304001,0.2,3630,1.0706299543380737,0.0003,-2.4139001786708834,-0.0008655217592604458,0.008344777,0.09072265625,0.8086976408958435,0.9921523928642273
-99.77331878000001,119,1144.32,895,272,747520,2.2535957276821135,0.2,3640,0.8229150176048279,0.0003,-2.412214457988739,-0.004773556091822684,0.007748967,0.06953125,0.8097250461578369,0.9989768266677856
-93.49894541999998,120,1141.26,903,271,749568,10.950911992788315,0.2,3650,2.445803165435791,0.0003,-2.418974494934082,-0.00034646691055968405,0.0051936544,0.0353515625,0.8138269186019897,0.8815405368804932
-88.53271211999999,121,1141.26,909,272,751616,16.02172580957413,0.2,3660,3.5006422996520996,0.0003,-2.426590621471405,-0.0018548090825788676,0.0022892472,0.035009765625,0.8146514892578125,0.9750698208808899
-85.71674863999999,122,1141.26,917,272,753664,1.8986190557479858,0.2,3670,0.38080084323883057,0.0003,-2.426382678747177,-0.007489939394872636,0.0070135277,0.074951171875,0.8140156269073486,0.9884657263755798
-87.13566904,123,1141.26,925,272,755712,10.001164364814759,0.2,3680,0.707847535610199,0.0003,-2.425487869977951,-0.002495581714902073,0.001739966,0.014697265625,0.8142638802528381,0.9546138644218445
,,,,,,1.9921869903802871,0.2,3690,0.569107174873352,0.0003,-2.4254744827747343,-0.0025348564842715858,0.0074881553,0.030712890625,0.8134183883666992,0.995823323726654
