wall_time_s,timesteps,episode,variant,seed,return,length_steps,elapsed_s,success,collision,outside_route_bounds,termination_reason,final_goal_distance_m,minimum_true_cpa_m,final_track_count,reward_progress,reward_collision,reward_proximity,reward_jitter,reward_effort,reward_goal
22.062477827072144,361,1,sensor,7319,-7.707733860770975,361,1804.999999998906,0,0,0,timeout,1073.3968711091618,78.06090807275292,2,-0.33164031289675394,0.0,0.0,7.187799825519321,0.18829372235489178,0.0
23.08653998374939,361,1,sensor,7319,-7.707733860770975,361,1804.999999998906,0,0,0,timeout,1073.3968711091618,78.06090807275292,2,-0.33164031289675394,0.0,0.0,7.187799825519321,0.18829372235489178,0.0
27.001117944717407,420,2,sensor,420001,-112.18449808764039,59,294.2000000000326,0,1,0,collision,278.10520996866194,1.9803448688347274,1,0.0651912952318973,100.0,11.10554096975254,1.1171273566782478,0.02702105644150836,0.0
43.30310416221619,674,3,sensor,420002,-6.056032945271343,254,1269.9999999993927,0,0,1,outside_route_bounds,912.2444149924611,120.43965448093397,1,-0.2513502730600463,0.0,0.0,5.6738254962489005,0.13085717596239538,0.0
62.15316414833069,983,4,sensor,420003,-6.352365006596716,309,1544.9999999991426,0,0,1,outside_route_bounds,553.2715800531794,67.74829406928637,1,-0.07991853666846033,0.0,0.0,6.136738011566919,0.1357084583613312,0.0
82.1911928653717,1311,5,sensor,420004,-6.803595188802388,328,1639.9999999990562,0,0,1,outside_route_bounds,948.1258490171166,108.75603031293156,1,-0.2735977334798473,0.0,0.0,6.366923995036627,0.16307346028590716,0.0
104.15291285514832,1672,6,sensor,420005,-7.507745908747544,361,1804.999999998906,0,0,0,timeout,448.8454032446804,60.56164247381621,1,-0.02342378995180975,0.0,0.0,7.27353194528259,0.21079017351313464,0.0
120.50878119468689,1932,7,sensor,420006,-5.678028413744065,260,1299.9999999993654,0,0,1,outside_route_bounds,731.0535609059231,108.33713932187845,1,-0.16531435167714517,0.0,0.0,5.392730476148428,0.11998358591849356,0.0
143.6448519229889,2293,8,sensor,420007,-8.046386677050771,361,1804.999999998906,0,0,0,timeout,559.5302036838814,85.651482984474,1,-0.07833531632422736,0.0,0.0,7.743326103687287,0.22472525703926155,0.0
163.66603803634644,2570,9,sensor,420008,-6.061219876003937,277,1384.999999999288,0,0,1,outside_route_bounds,761.4657277155776,116.4828253030725,1,-0.17666391495557465,0.0,0.0,5.740246465057127,0.1443094959912237,0.0
180.12101697921753,2826,10,sensor,420009,-5.6819115172969585,256,1279.9999999993836,0,0,1,outside_route_bounds,990.8145032553624,87.37913063125731,2,-0.29579421181559684,0.0,0.0,5.274575411528347,0.11154189395301399,0.0
201.5712230205536,3163,11,sensor,420010,-7.086150606395271,337,1684.9999999990152,0,0,1,outside_route_bounds,552.2031405524731,64.58618749872349,1,-0.07896023187048948,0.0,0.0,6.849280527234077,0.1579098472907,0.0
221.92915105819702,3499,12,sensor,420011,-6.864769310837334,336,1679.9999999990198,0,0,1,outside_route_bounds,755.3982593970736,81.32107662839132,1,-0.17352621393945966,0.0,0.0,6.557022081688049,0.13422101520982935,0.0
241.7975161075592,3827,13,sensor,420012,-7.180568137689734,328,1639.9999999990562,0,0,1,outside_route_bounds,1134.659966174458,109.26941985509853,3,-0.3649957979101886,0.0,0.0,6.658072307705879,0.1575000320736698,0.0
244.78509998321533,3878,14,sensor,420013,-110.82151537259355,51,254.8000000000237,0,1,0,collision,278.57891861343103,1.9915096213700068,2,0.06530109360163854,100.0,9.835725299548598,1.0287594988942148,0.022331667752371515,0.0
248.5604329109192,3943,15,sensor,420014,-117.33949045150412,65,321.9500000000389,0,1,0,collision,279.4279087248873,1.9961061827139872,2,0.060363290293478845,100.0,15.991274454461575,1.372294889390468,0.03628439794554618,0.0
266.1975591182709,4240,16,sensor,420015,-6.165874662143307,297,1484.9999999991971,0,0,1,outside_route_bounds,730.8891120407463,108.61647605959243,1,-0.1662266897125233,0.0,0.0,5.857960326038303,0.14168764639248116,0.0
286.10522508621216,4568,17,sensor,420016,-7.104817617646033,328,1639.9999999990562,0,0,1,outside_route_bounds,796.2734509302935,113.71595755637404,1,-0.1976189981289121,0.0,0.0,6.750779611803588,0.15641900771352174,0.0
289.5772612094879,4625,18,sensor,420017,-121.2986666708712,57,284.4000000000304,0,1,0,collision,280.71812047431985,1.9811712330429287,1,0.05664577370226348,100.0,20.01626819208333,1.3147880999371417,0.02425615255298192,0.0
311.6418581008911,4986,19,sensor,420018,-8.12607639807989,361,1804.999999998906,0,0,0,timeout,415.3062515189413,28.867974570139253,2,-0.007974276939108578,0.0,0.1851963217284743,7.727157687023283,0.20574811238902357,0.0
314.75825214385986,5033,20,sensor,420019,-113.91599849283611,47,231.40000000001837,0,1,0,collision,280.4399790907113,1.9907577856228897,1,0.058826229835247726,100.0,12.8537298083172,1.1027106668800115,0.01838424747413654,0.0
337.69163703918457,5394,21,sensor,420020,-7.325204190360474,361,1804.999999998906,0,0,0,timeout,402.10380239193944,49.343972565667485,2,0.006500472788441061,0.0,0.0,7.106760640349232,0.22494402279967163,0.0
356.3792419433594,5723,22,sensor,420021,-6.841765240391781,329,1644.9999999990516,0,0,1,outside_route_bounds,557.8631224860683,45.3043128206173,1,-0.07737813482643842,0.0,0.0,6.610113900899884,0.15427320466545463,0.0
371.33463501930237,5977,23,sensor,420022,-5.092617638130437,254,1269.9999999993927,0,0,1,outside_route_bounds,747.9409112852926,69.8749001300915,1,-0.17777790738921115,0.0,0.0,4.804773988388478,0.11006574235274448,0.0
374.384339094162,6030,24,sensor,420023,-116.02808745162251,53,261.80000000002525,0,1,0,collision,276.18966338306876,1.991922562537745,1,0.062059505172779354,100.0,14.911104412522198,1.1531500160694124,0.0258925282036732,0.0
382.10815596580505,6158,25,sensor,420024,-173.55296523635621,128,639.3499999999663,0,1,0,collision,141.44757237622485,1.9807945371592552,2,0.12890228761255088,100.0,71.22631941352668,2.3866628028452395,0.06888530759680801,0.0
400.29655718803406,6436,26,sensor,420025,-5.894149555347696,278,1389.9999999992835,0,0,1,outside_route_bounds,978.433366163988,105.29991634379965,2,-0.28758240709845373,0.0,0.0,5.467445746436712,0.13912140181252938,0.0
422.84053206443787,6797,27,sensor,420026,-7.541716650951298,361,1804.999999998906,0,0,0,timeout,779.3990242820905,120.04266548797997,1,-0.18625285492138777,0.0,0.0,7.1483083905652105,0.20715540546469405,0.0
445.1190459728241,7158,28,sensor,420027,-7.832411068869816,361,1804.999999998906,0,0,0,timeout,652.7037034292687,94.87095097807995,1,-0.12889261124848023,0.0,0.0,7.484392791800196,0.21912566582113693,0.0
461.1444020271301,7414,29,sensor,420028,-5.400199357300034,256,1279.9999999993836,0,0,1,outside_route_bounds,912.1882597080806,109.43211675933611,1,-0.252488632145798,0.0,0.0,5.034133574739097,0.11357715041513534,0.0
483.4199569225311,7775,30,sensor,420029,-8.792429094753627,361,1804.999999998906,0,0,0,timeout,515.452821022806,24.790444616691875,1,-0.053943753073187335,0.0,1.4675358616234184,7.099105617403988,0.17184386265303528,0.0
497.9776430130005,7998,31,sensor,420030,-5.039642453338606,223,1114.9999999995337,0,0,1,outside_route_bounds,910.3950294370854,107.92883509267742,1,-0.2542067658951304,0.0,0.0,4.693744746409352,0.09169094103411699,0.0
513.0174460411072,8239,32,sensor,420031,-4.913659788521908,241,1204.9999999994518,0,0,1,outside_route_bounds,818.3705335996164,85.74155172374543,1,-0.21268383165988786,0.0,0.0,4.590481098275632,0.11049485858639072,0.0
532.2181298732758,8558,33,sensor,420032,-6.632408166578773,319,1594.999999999097,0,0,1,outside_route_bounds,733.5449774721193,86.65055382322097,1,-0.1707205432246621,0.0,0.0,6.301431974023579,0.16025564933052958,0.0
536.8616759777069,8636,34,sensor,420033,-119.09357162844,78,387.0000000000537,0,1,0,collision,280.6720903190421,1.9921711942156008,1,0.06027696113152103,100.0,17.62073566591435,1.4862674608826634,0.04684546277450191,0.0
557.5271439552307,8969,35,sensor,420034,-6.973846375560656,333,1664.9999999990334,0,0,1,outside_route_bounds,923.3000888560005,104.2804795562962,1,-0.2608699375092237,0.0,0.0,6.567496461048719,0.14547997700271378,0.0
579.7107510566711,9330,36,sensor,420035,-6.950819546530774,361,1804.999999998906,0,0,0,timeout,731.8187778614885,77.138951927565,1,-0.16550778849364833,0.0,0.0,6.616432102583352,0.16887965545377234,0.0
601.4270961284637,9682,37,sensor,420036,-7.65822114296657,352,1759.999999998947,0,0,1,outside_route_bounds,1049.9249280860229,103.56894253958487,1,-0.3294623596998317,0.0,0.0,7.1853435166180075,0.14341526664872462,0.0
604.5194189548492,9733,38,sensor,420037,-112.8217334517144,51,252.80000000002323,0,1,0,collision,280.5838202186381,1.9993515375183293,1,0.06637618272672556,100.0,11.647382410284743,1.218891431391239,0.0218357927651314,0.0
608.1217868328094,9792,39,sensor,420038,-114.2231659321807,59,294.75000000003274,0,1,0,collision,281.03623354437747,1.976362472419595,1,0.060028584914543694,100.0,13.361375628726268,0.890729680657387,0.03108920771158606,0.0
705.145457983017,10082,40,sensor,420039,-6.092499650148003,290,1449.999999999229,0,0,1,outside_route_bounds,1010.6050390583342,115.16863063493349,2,-0.30165359406293835,0.0,0.0,5.6566284118220205,0.13421764426303906,0.0
727.9051201343536,10442,41,sensor,420040,-6.512604637010775,360,1799.9999999989107,0,0,1,outside_route_bounds,575.5884764803384,87.29441153122134,1,-0.08611115784466188,0.0,0.0,6.233496466279025,0.19299701288707571,0.0
749.7468209266663,10803,42,sensor,420041,-48.60577606243398,361,1804.999999998906,0,0,0,timeout,362.39946948204425,10.094674948865823,1,0.019632975083943252,0.0,41.87387218269746,6.5323221057653384,0.21921474905519203,0.0
768.4602179527283,11121,43,sensor,420042,-6.8875614458861,318,1589.9999999991016,0,0,1,outside_route_bounds,1085.8900660751688,108.77392984257528,1,-0.34119840841939997,0.0,0.0,6.399620895925906,0.1467421415407903,0.0
787.5919649600983,11426,44,sensor,420043,-5.783830709762636,305,1524.9999999991608,0,0,1,outside_route_bounds,646.0969974130378,120.12261953376898,1,-0.11971193324004875,0.0,0.0,5.5158516183495525,0.1482671581730371,0.0
809.7923488616943,11787,45,sensor,420044,-7.513836680330329,361,1804.999999998906,0,0,0,timeout,937.3717940864142,91.72130135928975,2,-0.26927055971897623,0.0,0.0,7.030724246799938,0.2138418738114034,0.0
830.6130540370941,12130,46,sensor,420045,-7.505177729294792,343,1714.999999998988,0,0,1,outside_route_bounds,740.9749949423513,106.95681943990263,1,-0.16888397823782428,0.0,0.0,7.129653403908018,0.2066403471489486,0.0
846.2601230144501,12383,47,sensor,420046,-5.340776242487663,253,1264.9999999993972,0,0,1,outside_route_bounds,938.6895425112547,108.58733431538568,2,-0.2701268621744915,0.0,0.0,4.946258444525302,0.1243909357878716,0.0
851.5852439403534,12467,48,sensor,420047,-108.283481352292,84,418.2500000000608,0,1,0,collision,277.8592955456141,1.9762754902747126,3,0.06360609386587474,100.0,6.825394432072053,1.4693209245800976,0.05237208950574729,0.0
867.4369649887085,12729,49,sensor,420048,-5.37445467972664,262,1309.9999999993563,0,0,1,outside_route_bounds,948.2949649392664,115.41207621254577,2,-0.2714525437085491,0.0,0.0,4.970166453346611,0.13283568267147988,0.0
887.037603855133,13039,50,sensor,420049,-5.496014348224037,310,1549.999999999138,0,0,1,outside_route_bounds,898.9994515651975,120.09718277890423,1,-0.24669600259014438,0.0,0.0,5.109318888187402,0.13999945744648423,0.0
907.0166850090027,13360,51,sensor,420050,-6.837834098967169,321,1604.999999999088,0,0,1,outside_route_bounds,1101.724796477026,116.21691107548145,1,-0.34727418440992025,0.0,0.0,6.3361725345253905,0.15438738003185845,0.0
923.1498918533325,13624,52,sensor,420051,-5.6484256477114645,264,1319.9999999993472,0,0,1,outside_route_bounds,911.8182219511204,109.33775717858336,4,-0.25820268030872207,0.0,0.0,5.2556501016020745,0.13457286580066563,0.0
937.8561401367188,13864,53,sensor,420052,-4.71767335209742,240,1199.9999999994563,0,0,1,outside_route_bounds,956.5477167116859,114.150021374462,2,-0.27624923274185276,0.0,0.0,4.331637862324716,0.10978625703085104,0.0
952.9201400279999,14113,54,sensor,420053,-5.021589568132891,249,1244.9999999994154,0,0,1,outside_route_bounds,910.4815932430685,125.76950878411233,2,-0.24768477880662354,0.0,0.0,4.653327815234658,0.1205769740916046,0.0
975.6269781589508,14474,55,sensor,420054,-7.446214610455089,361,1804.999999998906,0,0,0,timeout,961.058965359064,98.91599396385215,2,-0.27993289214729056,0.0,0.0,6.959079650789501,0.20720206751830442,0.0
995.4995861053467,14796,56,sensor,420055,-6.77557123167813,322,1609.9999999990835,0,0,1,outside_route_bounds,1149.1655424331325,114.91433761119333,1,-0.37091099617204204,0.0,0.0,6.26271081650629,0.14194941899979358,0.0
1017.2559480667114,15157,57,sensor,420056,-5.750007340912811,361,1804.999999998906,0,0,0,timeout,505.677853712443,73.49021638301625,1,-0.056956415661630164,0.0,0.0,5.486865146458149,0.20618577879302835,0.0
1031.204915046692,15385,58,sensor,420057,-4.818070931435026,228,1139.999999999511,0,0,1,outside_route_bounds,944.0295252267447,105.46832037032706,2,-0.2749051209473498,0.0,0.0,4.442601820081468,0.10056399040620177,0.0
1054.6378450393677,15746,59,sensor,420058,-4.980386908491926,361,1804.999999998906,0,0,0,timeout,612.7054254465532,107.84583170442345,1,-0.10446800260080251,0.0,0.0,4.738948572427034,0.13697033346408752,0.0
1072.2017600536346,16020,60,sensor,420059,-5.756439675798167,274,1369.9999999993017,0,0,1,outside_route_bounds,911.9072250785382,107.87190579583486,1,-0.25879984139354667,0.0,0.0,5.354549248889085,0.1430905855155284,0.0
1088.8599660396576,16299,61,sensor,420060,-4.318952385586443,279,1394.999999999279,0,0,1,outside_route_bounds,651.7962122773218,95.63661861753079,1,-0.12655433322352136,0.0,0.0,4.065475532412526,0.12692251995039017,0.0
1106.8745799064636,16603,62,sensor,420061,-6.444693316148932,304,1519.9999999991653,0,0,1,outside_route_bounds,1092.0035577199196,109.39266648401727,2,-0.34754242758424925,0.0,0.0,5.960205907188354,0.13694498137632713,0.0
1130.1876060962677,16964,63,sensor,420062,-7.731278714576025,361,1804.999999998906,0,0,0,timeout,711.5691593291538,57.22872238161277,1,-0.15724688590955113,0.0,0.0,7.38613247089088,0.18789935777559374,0.0
1149.969085931778,17285,64,sensor,420063,-6.346964966280987,321,1604.999999999088,0,0,1,outside_route_bounds,748.0729130093194,109.79454151577744,2,-0.1718752242138301,0.0,0.0,5.991820625960824,0.18326911610632954,0.0
1166.935585975647,17564,65,sensor,420064,-5.4333180022820695,279,1394.999999999279,0,0,1,outside_route_bounds,827.3568115682681,97.7705163190767,1,-0.21692620812787494,0.0,0.0,5.098430666700004,0.11796112745418857,0.0
1181.0131669044495,17795,66,sensor,420065,-4.757041254455494,231,1154.9999999994973,0,0,1,outside_route_bounds,925.3781712344127,107.04113838749066,2,-0.26584806672462225,0.0,0.0,4.390940036624668,0.1002531511062015,0.0
1202.8487858772278,18156,67,sensor,420066,-7.182619427164243,361,1804.999999998906,0,0,0,timeout,936.5067922838724,50.62686263755737,2,-0.26842860125859547,0.0,0.0,6.688517817668608,0.22567300823702943,0.0
1221.67329788208,18462,68,sensor,420067,-5.761489259623596,306,1529.9999999991562,0,0,1,outside_route_bounds,783.0828765902946,92.3958698090812,1,-0.19521069505358932,0.0,0.0,5.390832604654136,0.17544595991587605,0.0
1225.0168509483337,18519,69,sensor,420068,-123.5624195926685,57,281.2500000000297,0,1,0,collision,275.9157428742091,1.998803469759828,1,0.06370967528735705,100.0,22.965974240220454,0.6346968218684199,0.02545820586700226,0.0
1238.2521419525146,18739,70,sensor,420069,-4.179688929025209,220,1099.9999999995473,0,0,1,outside_route_bounds,988.7411034845542,114.10154347664141,1,-0.29366337187510566,0.0,0.0,3.7968504846096054,0.08917507254049888,0.0
1255.4305799007416,19016,71,sensor,420070,-5.86899046982037,277,1384.999999999288,0,0,1,outside_route_bounds,1000.1957341984468,118.76765289500909,2,-0.296857123682769,0.0,0.0,5.433461864851412,0.1386714812861835,0.0
1275.8213839530945,19359,72,sensor,420071,-6.0900496056659295,343,1714.999999998988,0,0,1,outside_route_bounds,739.0032941204928,67.14522388098166,1,-0.17096174039625353,0.0,0.0,5.737288783490661,0.18179908177902057,0.0
1298.0481898784637,19720,73,sensor,420072,-2.6212548888904426,361,1804.999999998906,0,0,0,timeout,691.1479855779598,124.30087201330869,1,-0.14256592154016848,0.0,0.0,2.264441469311715,0.2142474980385588,0.0
1400.8535387516022,20081,74,sensor,420073,-11.152829030954129,361,1804.999999998906,0,0,0,timeout,472.35293069779243,15.3669293457483,1,-0.04029168552009019,0.0,6.6905780570338145,4.243412585556505,0.17854670284369792,0.0
1423.3637809753418,20442,75,sensor,420074,-5.108656280419483,361,1804.999999998906,0,0,0,timeout,901.9914821891483,122.48943614434395,1,-0.24751327101032916,0.0,0.0,4.673100999742741,0.18804200966640666,0.0
1445.2948770523071,20803,76,sensor,420075,-3.576412810531144,361,1804.999999998906,0,0,0,timeout,546.541844372447,84.15116060600695,1,-0.07238279976295336,0.0,0.0,3.3579732477664943,0.14605676300169518,0.0
1466.5828080177307,21146,77,sensor,420076,-3.950172197238681,343,1714.999999998988,0,0,1,outside_route_bounds,911.1918913636168,107.98842428935325,1,-0.2585150600976367,0.0,0.0,3.482152773439884,0.2095043637011616,0.0
1483.7185590267181,21411,78,sensor,420077,-5.328506920906504,265,1324.9999999993427,0,0,1,outside_route_bounds,860.788475026624,115.16223347141164,1,-0.2242433447136559,0.0,0.0,4.9837382774800085,0.12052529871284143,0.0
1498.7909879684448,21661,79,sensor,420078,-4.402823591049981,250,1249.9999999994109,0,0,1,outside_route_bounds,911.3706569212275,115.68234530333552,2,-0.25410625706837714,0.0,0.0,4.029540851712225,0.119176482269378,0.0
1518.8946540355682,22002,80,sensor,420079,-4.360461296059109,341,1704.999999998997,0,0,1,outside_route_bounds,945.1887810423732,123.76560838221411,1,-0.268910856874681,0.0,0.0,3.9053736761212354,0.18617676306319278,0.0
1534.8350539207458,22255,81,sensor,420080,-3.0042258823802492,253,1264.9999999993972,0,0,1,outside_route_bounds,938.0289764802568,111.56306839770511,1,-0.2701901424346048,0.0,0.0,2.6276059702038763,0.10642976974176792,0.0
1557.0321328639984,22616,82,sensor,420081,-7.501947150316177,361,1804.999999998906,0,0,0,timeout,1006.981210640802,100.25138911522455,1,-0.3054559486286563,0.0,0.0,6.9904115714132775,0.20607963027424075,0.0
1571.799145936966,22863,83,sensor,420082,-3.5304102309402094,247,1234.9999999994245,0,0,1,outside_route_bounds,920.2640212717337,115.78547847838394,2,-0.25945814966192693,0.0,0.0,3.146241620182991,0.12471046109529255,0.0
1589.1214439868927,23161,84,sensor,420083,-2.7099417159602917,298,1489.9999999991926,0,0,1,outside_route_bounds,1043.8610197190253,122.84581936370762,1,-0.31556852715655825,0.0,0.0,2.28141877949238,0.11295440931135428,0.0
1604.99196600914,23388,85,sensor,420084,-4.763730546222195,227,1134.9999999995155,0,0,1,outside_route_bounds,976.8558535046604,113.20355336719308,2,-0.28780299145523075,0.0,0.0,4.375418554246422,0.10050900052053897,0.0
1620.9766778945923,23646,86,sensor,420085,-4.628118491964051,258,1289.9999999993745,0,0,1,outside_route_bounds,764.4580829208331,99.42083564838066,1,-0.1786761703782129,0.0,0.0,4.321026400104165,0.1284159214816705,0.0
1641.9040620326996,23993,87,sensor,420086,-6.946694752206748,347,1734.9999999989698,0,0,1,outside_route_bounds,732.9822578863161,95.65598290335433,1,-0.16906010438661828,0.0,0.0,6.5744130544364445,0.2032215933836842,0.0
1663.5354387760162,24354,88,sensor,420087,-3.698019299558561,361,1804.999999998906,0,0,0,timeout,406.0442899514204,34.28434884292095,2,-0.00708532933085855,0.0,0.0,3.479204618930814,0.21172935129688691,0.0
1681.5258250236511,24652,89,sensor,420088,-5.847182151157866,298,1489.9999999991926,0,0,1,outside_route_bounds,1128.9984021873263,110.21150193914946,1,-0.3650702213872939,0.0,0.0,5.351578061282636,0.13053386848793433,0.0
1697.870493888855,24924,90,sensor,420089,-5.036948049005511,272,1359.9999999993108,0,0,1,outside_route_bounds,849.4309211060273,100.81295040785437,1,-0.2246808616059845,0.0,0.0,4.667847318202254,0.1444198691972711,0.0
1715.0304610729218,25211,91,sensor,420090,-5.380503394792025,287,1434.9999999992426,0,0,1,outside_route_bounds,866.3434493592422,95.31004740588676,1,-0.23453919725019548,0.0,0.0,4.986864812113344,0.1590993854284831,0.0
1732.6039969921112,25505,92,sensor,420091,-5.7693611314682025,294,1469.9999999992108,0,0,1,outside_route_bounds,1092.6835255097028,105.48028991807962,2,-0.35005556807048877,0.0,0.0,5.293451175000519,0.12585438839719384,0.0
1755.6293540000916,25866,93,sensor,420092,-7.045492201435685,361,1804.999999998906,0,0,0,timeout,478.37066544174854,30.863030399757548,1,-0.0407787769801483,0.0,0.0,6.786044453922655,0.2186689705328763,0.0
1776.2123808860779,26194,94,sensor,420093,-6.567929745101993,328,1639.9999999990562,0,0,1,outside_route_bounds,771.5367707867542,122.57203004946098,1,-0.18063333866335504,0.0,0.0,6.188407157175243,0.19888924926339255,0.0
1789.8479681015015,26411,95,sensor,420094,-4.049352221207493,217,1084.999999999561,0,0,1,outside_route_bounds,954.0756845338456,116.23556361047716,3,-0.277073770148733,0.0,0.0,3.679324178397657,0.09295427266110366,0.0
1807.4000887870789,26691,96,sensor,420095,-1.57619812255974,280,1399.9999999992745,0,0,1,outside_route_bounds,558.1261314516943,93.6691885873731,1,-0.07786756374400298,0.0,0.0,1.373368030786514,0.12496252802922243,0.0
1829.6964988708496,27052,97,sensor,420096,-4.889492233495999,361,1804.999999998906,0,0,0,timeout,415.2519056450878,39.370578559394716,1,-0.007071515115823924,0.0,0.0,4.733374762721361,0.14904595565881376,0.0
1845.321084022522,27300,98,sensor,420097,-4.835186107966643,248,1239.99999999942,0,0,1,outside_route_bounds,920.4307974564178,107.80154815279377,2,-0.26192285310906593,0.0,0.0,4.453597068414089,0.11966618644348537,0.0
1848.4813780784607,27353,99,sensor,420098,-111.07393958318869,53,263.9000000000257,0,1,0,collision,278.386451918758,1.9944324906267,1,0.06624422254954775,100.0,10.741216451437511,0.37363286018371583,0.025334494117010792,0.0
1871.088642835617,27714,100,sensor,420099,-4.857769341178302,361,1804.999999998906,0,0,0,timeout,741.1879662956669,117.00031342179173,1,-0.16954196882211012,0.0,0.0,4.4894198462367045,0.19880752611948518,0.0
1892.6608939170837,28075,101,sensor,420100,-3.8255501724080974,361,1804.999999998906,0,0,0,timeout,403.570503102892,27.88824819142875,1,-0.0018897872611157473,0.0,0.4644041871388562,3.1517047077417377,0.20755149026638792,0.0
1906.980609178543,28310,102,sensor,420101,-3.6803580158365126,235,1174.999999999479,0,0,1,outside_route_bounds,916.9871367628369,113.47118793568055,1,-0.25888560955929296,0.0,0.0,3.3200777601450686,0.10139464613214855,0.0
1928.4384620189667,28671,103,sensor,420102,-1.7314333748149828,361,1804.999999998906,0,0,0,timeout,434.92222846104374,39.49009272432531,1,-0.017435050023554707,0.0,0.0,1.504274854063988,0.20972347072744058,0.0
1946.0328278541565,28949,104,sensor,420103,-1.4506818659596548,278,1389.9999999992835,0,0,1,outside_route_bounds,551.3953971361693,62.44965086582852,2,-0.07723717547551523,0.0,0.0,1.2545398801565166,0.1189048103276219,0.0
1968.143583059311,29294,105,sensor,420104,-6.548185846116727,345,1724.9999999989789,0,0,1,outside_route_bounds,1019.7813152025791,59.09206736890897,2,-0.3045984720306966,0.0,0.0,6.040381976962081,0.2032053971239382,0.0
1989.5415709018707,29655,106,sensor,420105,-47.52235241146943,361,1804.999999998906,0,0,0,timeout,607.9259153871354,4.4740603596890764,1,-0.09698908161667573,0.0,41.17688952249342,6.070756706036623,0.1777171013227134,0.0
2006.0670218467712,29931,107,sensor,420106,-5.2022787714027094,276,1379.9999999992926,0,0,1,outside_route_bounds,786.303126101016,88.68898344873372,1,-0.19594394562644915,0.0,0.0,4.862589433789253,0.14374539198701133,0.0
2114.3285970687866,30292,108,sensor,420107,-2.3092961197299204,361,1804.999999998906,0,0,0,timeout,405.56428863342296,35.954000580507,1,-0.0019129378105677644,0.0,0.0,2.0933763086795807,0.21400687323977224,0.0
2135.450978040695,30653,109,sensor,420108,-2.393402731472564,361,1804.999999998906,0,0,0,timeout,582.6314538038953,96.79529706496689,1,-0.09252613898329781,0.0,0.0,2.083758988976479,0.21711760351278753,0.0
2153.0419058799744,30957,110,sensor,420109,-5.845326286994102,304,1519.9999999991653,0,0,1,outside_route_bounds,732.4321167735069,84.90177784198121,1,-0.1633181558857765,0.0,0.0,5.526574989873917,0.15543314123440627,0.0
2167.9945302009583,31216,111,sensor,420110,-2.580103858039479,259,1294.99999999937,0,0,1,outside_route_bounds,912.4337888154723,110.04706857304211,1,-0.25936477115783707,0.0,0.0,2.1905924230813962,0.13014666380024478,0.0
2189.3671748638153,31577,112,sensor,420111,-2.696529852451752,361,1804.999999998906,0,0,0,timeout,777.0819046841269,129.40600457216462,1,-0.18352344055022385,0.0,0.0,2.298777644336223,0.21422876756530598,0.0
2193.009346008301,31641,113,sensor,420112,-125.25919697953555,64,315.45000000003745,0,1,0,collision,275.29559680031235,1.9944738723747193,2,0.0605293652708164,100.0,24.84987406264009,0.43547268509864806,0.034379597067614565,0.0
2208.0959758758545,31901,114,sensor,420113,-5.475455637298519,260,1299.9999999993654,0,0,1,outside_route_bounds,1023.550380761579,104.9619264382377,2,-0.31528770202336315,0.0,0.0,5.0439603192033236,0.11620761607182986,0.0
2230.7798640727997,32262,115,sensor,420114,-5.428189011679619,361,1804.999999998906,0,0,0,timeout,721.9440257163221,120.49855681041832,1,-0.15547169222163393,0.0,0.0,5.123888928070663,0.1488283913873182,0.0
2253.077047109604,32623,116,sensor,420115,-33.37093833644553,361,1804.999999998906,0,0,0,timeout,561.1771838577163,8.333809077359962,1,-0.07866723420898937,0.0,31.084611049916965,2.0455402269959446,0.16211982532366387,0.0
2276.0902259349823,32984,117,sensor,420116,-40.491452564136125,361,1804.999999998906,0,0,0,timeout,656.4935860072791,2.6814941801233445,1,-0.1248317409523569,0.0,34.94192792446987,5.250886561721563,0.17380633699235654,0.0
2290.2804028987885,33224,118,sensor,420117,-4.463030676464664,240,1199.9999999994563,0,0,1,outside_route_bounds,968.2611556664322,110.287978137583,2,-0.2850016329591773,0.0,0.0,4.068007287383078,0.11002175612240574,0.0
2307.3152940273285,33509,119,sensor,420118,-3.4632255379460997,285,1424.9999999992517,0,0,1,outside_route_bounds,912.4308731059472,119.34319384903907,1,-0.25390616818521566,0.0,0.0,3.057329839095473,0.15198953066541,0.0
2329.1162869930267,33870,120,sensor,420119,-3.197194537139091,361,1804.999999998906,0,0,0,timeout,855.7661613941991,101.61072686256816,1,-0.23109400210162925,0.0,0.0,2.81984778419137,0.14625275084609127,0.0
2346.5326709747314,34165,121,sensor,420120,-1.0681210750738221,295,1474.9999999992062,0,0,1,outside_route_bounds,639.4842946657254,115.38820816296908,1,-0.1181580071714476,0.0,0.0,0.8023163199424745,0.14764674795990068,0.0
2365.6723189353943,34488,122,sensor,420121,-3.1505717095281676,323,1614.999999999079,0,0,1,outside_route_bounds,1041.4854945080347,114.47052189512243,2,-0.32243692179727196,0.0,0.0,2.689066724479197,0.13906806325169854,0.0
2383.6363739967346,34773,123,sensor,420122,-5.380363078553109,285,1424.9999999992517,0,0,1,outside_route_bounds,1074.5958896131867,119.60696329501329,2,-0.33360935742340597,0.0,0.0,4.91571598537266,0.13103773575704072,0.0
2405.5614998340607,35114,124,sensor,420123,-5.95726235640811,341,1704.999999998997,0,0,1,outside_route_bounds,934.8878938088708,100.18553810130041,1,-0.26330335731098936,0.0,0.0,5.506894673779606,0.18706432531751327,0.0
2424.808454990387,35427,125,sensor,420124,-3.6255609992103994,313,1564.9999999991244,0,0,1,outside_route_bounds,910.9479662426305,110.44105054206864,2,-0.2573308289602906,0.0,0.0,3.18723311983049,0.18099705041961656,0.0
2446.7317769527435,35788,126,sensor,420125,-3.796976964670124,361,1804.999999998906,0,0,0,timeout,734.3957036935699,116.81328471512421,1,-0.16417638379992,0.0,0.0,3.4917181864380806,0.14108239443212217,0.0
2458.893625974655,35990,127,sensor,420126,-3.157481915863131,202,1009.9999999996292,0,0,1,outside_route_bounds,980.8994575323644,126.38730925166308,1,-0.28453121468817766,0.0,0.0,2.8007553569972523,0.07219534417770002,0.0
2480.8111639022827,36351,128,sensor,420127,-1.576901685267019,361,1804.999999998906,0,0,0,timeout,775.441475622766,122.87597856312004,1,-0.18559266079180256,0.0,0.0,1.1787608295679088,0.2125481949073066,0.0
2497.9898030757904,36659,129,sensor,420128,-1.6678579131270848,308,1539.9999999991471,0,0,1,outside_route_bounds,881.5583615736134,116.390854538604,1,-0.2407504829279948,0.0,0.0,1.2849792182445525,0.1421282119545377,0.0
2512.9538440704346,36924,130,sensor,420129,-5.188630841845459,265,1324.9999999993427,0,0,1,outside_route_bounds,931.2614291002924,118.79601524192225,1,-0.2614988629046632,0.0,0.0,4.804064964503049,0.12306701443774194,0.0
2534.3174591064453,37285,131,sensor,420130,-3.0259016324953425,361,1804.999999998906,0,0,0,timeout,621.9111185569819,97.90535686275062,1,-0.10921187837950101,0.0,0.0,2.7714015010744335,0.1452882530414068,0.0
2554.776865005493,37646,132,sensor,420131,-14.1725643827447,361,1804.999999998906,0,0,0,timeout,438.61010657788097,5.88643368158956,1,-0.021284840058343763,0.0,13.181737993386758,0.7710738867521291,0.19846766254747158,0.0
2568.132225036621,37871,133,sensor,420132,-3.583988622765372,225,1124.9999999995246,0,0,1,outside_route_bounds,992.2266618110073,108.31262675139754,3,-0.29931286199438006,0.0,0.0,3.192706645280124,0.09196911549087124,0.0
2572.2240908145905,37934,134,sensor,420133,-123.33108508431653,63,310.8500000000364,0,1,0,collision,272.1659081042518,1.9979693206236888,1,0.06247007958229899,100.0,23.00309960980925,0.35742570161819465,0.03302985247138683,0.0
2594.3705549240112,38295,135,sensor,420134,-3.394849911705264,361,1804.999999998906,0,0,0,timeout,765.703673839262,36.3105511764309,1,-0.17939134850724178,0.0,0.0,3.0671056099236003,0.14835295327441864,0.0
2613.3655569553375,38636,136,sensor,420135,-5.8893586248860395,341,1704.999999998997,0,0,1,outside_route_bounds,1137.6043333768644,117.40680104956806,3,-0.3655621621025672,0.0,0.0,5.366154067218299,0.1576423955651663,0.0
2626.4593811035156,38870,137,sensor,420136,-4.685116689858448,234,1169.9999999994836,0,0,1,outside_route_bounds,959.5447597634009,115.57243886613273,3,-0.27840520351747006,0.0,0.0,4.304441275447605,0.10227021089337109,0.0
2647.084706068039,39231,138,sensor,420137,-3.734696823606543,361,1804.999999998906,0,0,0,timeout,556.8844610761846,66.55983510376896,1,-0.0736496263502865,0.0,0.0,3.5064393021166294,0.1546078951396249,0.0
2667.414519071579,39592,139,sensor,420138,-7.80046768180235,361,1804.999999998906,0,0,0,timeout,546.0655888877584,16.370363006516314,1,-0.07755169312973065,0.0,6.964503432037916,0.5770772337913515,0.18133532284335413,0.0
2688.496812105179,39953,140,sensor,420139,-3.4392096119975806,361,1804.999999998906,0,0,0,timeout,766.8818838137138,102.05886437493209,1,-0.18362681582395335,0.0,0.0,3.1207953380420816,0.13478745813154494,0.0
2801.9417519569397,40314,141,sensor,420140,-2.6535476432644045,361,1804.999999998906,0,0,0,timeout,883.3903486304173,118.00457997333038,1,-0.2408359906635743,0.0,0.0,2.1941064339131104,0.21860521868771954,0.0
2818.8147809505463,40571,142,sensor,420141,-4.390342026212988,257,1284.999999999379,0,0,1,outside_route_bounds,942.4677503205779,125.04830686380626,2,-0.26502169097642925,0.0,0.0,4.005636545456946,0.11968378977961218,0.0
2841.848634004593,40932,143,sensor,420142,-4.249752305506784,361,1804.999999998906,0,0,0,timeout,950.3326145641289,111.7389208353298,1,-0.27803079679919135,0.0,0.0,3.7734499774873242,0.19827153122026772,0.0
2856.7655141353607,41164,144,sensor,420143,-2.5591955504446124,232,1159.9999999994927,0,0,1,outside_route_bounds,912.5399670561263,113.40521535331374,1,-0.2580281510650881,0.0,0.0,2.196673101186753,0.10449429819277367,0.0
2878.8254160881042,41525,145,sensor,420144,-6.263147824598463,361,1804.999999998906,0,0,0,timeout,940.9848602930576,105.45353042643211,1,-0.2707284924975935,0.0,0.0,5.779770927876236,0.21264840422463852,0.0
2896.228394985199,41801,146,sensor,420145,-2.7967069390054817,276,1379.9999999992926,0,0,1,outside_route_bounds,936.7711079114403,119.05680476276541,2,-0.26579241387951824,0.0,0.0,2.379246485233306,0.15166803989265515,0.0
2916.3793869018555,42138,147,sensor,420146,-0.9050194303452145,337,1684.9999999990152,0,0,1,outside_route_bounds,553.6473294043087,50.90445376292184,1,-0.07786360132479796,0.0,0.0,0.6587272256612781,0.16842860335913845,0.0
2931.797586917877,42389,148,sensor,420147,-1.2894154191569043,251,1254.9999999994063,0,0,1,outside_route_bounds,700.7759042758872,114.04597190561958,1,-0.1493893596924554,0.0,0.0,1.042589390277862,0.0974366691865862,0.0
2952.7146470546722,42724,149,sensor,420148,-1.2821008634592659,335,1674.9999999990243,0,0,1,outside_route_bounds,846.0079985806852,115.6646672845319,1,-0.22494533064315514,0.0,0.0,0.8834390133619311,0.17371651945417985,0.0
2974.9645788669586,43072,150,sensor,420149,-2.4759335266452225,348,1739.9999999989652,0,0,1,outside_route_bounds,768.0842077192716,115.62511766640932,1,-0.18479763956385203,0.0,0.0,2.1036015287041674,0.18753435837720542,0.0
2995.7210710048676,43399,151,sensor,420150,-5.324373079081976,327,1634.9999999990607,0,0,1,outside_route_bounds,915.8219841919907,100.36891241992163,2,-0.2574322517993091,0.0,0.0,4.8972718626260745,0.16966896465659173,0.0
3014.285840988159,43717,152,sensor,420151,-4.617103144748234,318,1589.9999999991016,0,0,1,outside_route_bounds,1004.297305619756,113.12760717600958,1,-0.3037003191653516,0.0,0.0,4.178567531332373,0.13483529425050908,0.0
3026.426573753357,43925,153,sensor,420152,-4.245448653839495,208,1039.9999999996019,0,0,1,outside_route_bounds,937.9966491966395,111.77752026678994,1,-0.26933619533247627,0.0,0.0,3.889628738164901,0.0864837203421172,0.0
3038.8624861240387,44138,154,sensor,420153,-2.76963918565147,213,1064.9999999995791,0,0,1,outside_route_bounds,913.0944872030873,108.10148122246886,1,-0.2585373385813625,0.0,0.0,2.4377233937382687,0.0733784533318367,0.0
3051.54478597641,44357,155,sensor,420154,-4.1120613850673,219,1094.9999999995518,0,0,1,outside_route_bounds,942.7976159710187,110.74687809002091,3,-0.27120642594626065,0.0,0.0,3.7501288264989854,0.09072613262205241,0.0
3072.527223110199,44718,156,sensor,420155,-9.222870218661866,361,1804.999999998906,0,0,0,timeout,933.9199164293133,24.874136906793318,2,-0.2625873396940141,0.0,2.906426020740454,5.83050280567258,0.22335405255480753,0.0
3093.3029918670654,45079,157,sensor,420156,-4.269607956101876,361,1804.999999998906,0,0,0,timeout,801.9191271464981,121.41225108060775,1,-0.19593805890736632,0.0,0.0,3.9311957199126475,0.14247417728186137,0.0
3113.243453025818,45421,158,sensor,420157,-5.513679836677269,342,1709.9999999989925,0,0,1,outside_route_bounds,999.6726646114787,127.67664507092522,1,-0.2934004568964967,0.0,0.0,5.065860465541482,0.15441891423928722,0.0
3132.3947279453278,45748,159,sensor,420158,-5.823016113499659,327,1634.9999999990607,0,0,1,outside_route_bounds,948.7814022393032,76.31249868204479,2,-0.27141356369650643,0.0,0.0,5.362142825126647,0.1894597246765074,0.0
3148.779314994812,46033,160,sensor,420159,-2.826687864652957,285,1424.9999999992517,0,0,1,outside_route_bounds,916.6476929217903,82.95406644493198,1,-0.25686926772148555,0.0,0.0,2.428795917332174,0.14102267959930004,0.0
3167.8311419487,46356,161,sensor,420160,-3.2337279047395384,323,1614.999999999079,0,0,1,outside_route_bounds,603.8410659758833,111.26429926538995,1,-0.10075382962438151,0.0,0.0,2.965883363783359,0.16709071133179773,0.0
3189.0549960136414,46717,162,sensor,420161,-14.463160243262646,361,1804.999999998906,0,0,0,timeout,644.9174140556204,9.992330573139304,1,-0.11861516455584009,0.0,10.187387386289114,4.015493835508824,0.1416638569088625,0.0
3205.7967398166656,46996,163,sensor,420162,-1.2711118118465325,279,1394.999999999279,0,0,1,outside_route_bounds,798.1728675357052,126.74122687459655,1,-0.19438093177283897,0.0,0.0,0.9508403778076177,0.1258905022660766,0.0
3223.3896560668945,47263,164,sensor,420163,-4.065305284560852,267,1334.9999999993336,0,0,1,outside_route_bounds,837.1548249528304,88.60219739286646,1,-0.22179996899003782,0.0,0.0,3.7118294704705477,0.13167584510026314,0.0
3244.2975990772247,47624,165,sensor,420164,-4.510507085969281,361,1804.999999998906,0,0,0,timeout,752.4514504132909,57.650705609792126,1,-0.17895763679903726,0.0,0.0,4.176946325227616,0.1546031239426263,0.0
3259.6623702049255,47887,166,sensor,420165,-1.8810845129833997,263,1314.9999999993518,0,0,1,outside_route_bounds,925.3087655723042,122.3193381988414,1,-0.2595731301194095,0.0,0.0,1.49476470053196,0.12674668233203132,0.0
3279.0145468711853,48193,167,sensor,420166,-0.8643046084107014,306,1529.9999999991562,0,0,1,outside_route_bounds,723.4557910161594,118.68797631800933,2,-0.16059374708900392,0.0,0.0,0.5493581563234329,0.15435270499826423,0.0
3301.335380077362,48554,168,sensor,420167,-4.6248447988669605,361,1804.999999998906,0,0,0,timeout,596.0540387871424,53.25477202228184,1,-0.0963056068671889,0.0,0.0,4.326851370185614,0.20168782181415484,0.0
3323.6828560829163,48914,169,sensor,420168,-4.301316026079234,360,1799.9999999989107,0,0,1,outside_route_bounds,1133.6751387548481,111.99901104507634,2,-0.3646520783470231,0.0,0.0,3.7501512691378593,0.18651267859435344,0.0
3344.6640820503235,49261,170,sensor,420169,-5.2566027534351285,347,1734.9999999989698,0,0,1,outside_route_bounds,848.531870854205,116.1547549342686,2,-0.21711563110411167,0.0,0.0,4.829075736552473,0.21041138577853843,0.0
3367.5703859329224,49622,171,sensor,420170,-15.011641903309423,361,1804.999999998906,0,0,0,timeout,705.8186072524367,16.908268223245603,2,-0.15346034859116905,0.0,11.301806716938968,3.4020760677754884,0.15429877000379605,0.0
3384.534905910492,49895,172,sensor,420171,-2.163222508907292,273,1364.9999999993063,0,0,1,outside_route_bounds,607.3958127256517,102.7683530779143,1,-0.10770677244301739,0.0,0.0,1.9326712109148512,0.12284452554942403,0.0
