rollout/collision_rate_100,rollout/mean_return_100,time/iterations,rollout/success_rate_100,time/total_timesteps,time/time_elapsed,time/fps,train/n_updates,train/policy_gradient_loss,train/entropy_loss,train/value_loss,train/clip_range,train/approx_kl,train/explained_variance,train/clip_fraction,train/learning_rate,train/loss,train/std,eval/mean_minimum_true_cpa_m,eval/outside_rate,eval/mean_return,eval/mean_final_goal_distance_m,eval/mean_length_steps,eval/success_rate,eval/median_return,eval/return_std,eval/collision_rate
0.5,-59.96039826805245,1,0.0,512,33,15,,,,,,,,,,,,,,,,,,,,
0.25,-33.06677881833404,2,0.0,1024,64,15,10,-0.002683843299746513,-2.837887930870056,200.1946258544922,0.2,0.0035419157,-0.006547212600708008,0.001953125,0.0003,98.54075622558594,1.0000224113464355,,,,,,,,,
0.2,-27.78553367039084,3,0.0,1536,95,16,20,-0.002150086872279644,-2.8379238128662108,0.18402827382087708,0.2,0.0015991055,-0.8490947484970093,0.00078125,0.0003,0.04652983695268631,1.0000431537628174,,,,,,,,,
0.14285714285714285,-21.703207718574106,4,0.0,2048,127,16,30,-0.001002114242874086,-2.8368576049804686,0.05539159048348665,0.2,0.0023945018,0.5156142711639404,0.0015625,0.0003,0.02146383747458458,0.9983507394790649,,,,,,,,,
0.1111111111111111,-18.448656107211416,5,0.0,2560,162,15,40,-0.002200461318716407,-2.832473635673523,0.04456469677388668,0.2,0.002137282,-0.33602166175842285,0.0005859375,0.0003,0.011407863348722458,0.9961593151092529,,,,,,,,,
0.1,-17.165867237955457,6,0.0,3072,195,15,50,-0.001993527775630355,-2.828513526916504,0.04072912074625492,0.2,0.002960836,-0.0629723072052002,0.0015625,0.0003,0.01189722865819931,0.9946025609970093,,,,,,,,,
0.08333333333333333,-15.448291965564643,7,0.0,3584,226,15,60,-0.005643341224640608,-2.825582265853882,0.041778271086513996,0.2,0.009790229,-0.3591850996017456,0.0404296875,0.0003,0.006382625550031662,0.9927399754524231,,,,,,,,,
0.07692307692307693,-14.78334868267491,8,0.0,4096,256,15,70,-0.004750331491231918,-2.8213212490081787,0.045166511461138724,0.2,0.0039716032,-0.822954535484314,0.0060546875,0.0003,0.008666415698826313,0.9908908605575562,,,,,,,,,
0.125,-20.675084160379736,9,0.0,4608,287,16,80,-0.002886411361396313,-2.818089818954468,0.5536979377269745,0.2,0.003749962,-0.2157822847366333,0.0044921875,0.0003,0.22891360521316528,0.9895309209823608,,,,,,,,,
0.11764705882352941,-19.88505281975687,10,0.0,5120,319,16,90,0.004210259392857551,-2.815715265274048,209.7830032348633,0.2,0.0018996462,0.005912840366363525,0.0037109375,0.0003,103.06185913085938,0.9887248873710632,,,,,,,,,
0.10526315789473684,-20.89519688901554,11,0.0,5632,349,16,100,-0.0005135748535394669,-2.814655828475952,16.930262088775635,0.2,0.00032817654,0.09594917297363281,0.0,0.0003,7.870147228240967,0.9884796142578125,,,,,,,,,
0.1,-20.21684900355769,12,0.0,6144,380,16,110,-0.005348542658612132,-2.814365196228027,0.5045723646879197,0.2,0.0055242563,-0.8569551706314087,0.012890625,0.0003,0.2295728474855423,0.988408088684082,,,,,,,,,
0.09090909090909091,-18.96971702524545,13,0.0,6656,412,16,120,-0.0037364664021879435,-2.8144861698150634,0.19919871538877487,0.2,0.007865736,-0.9145777225494385,0.0455078125,0.0003,0.06294353306293488,0.9887566566467285,,,,,,,,,
0.08695652173913043,-18.343445037317327,14,0.0,7168,443,16,130,-0.0006560078356415034,-2.8155573844909667,0.30829519033432007,0.2,0.0007512283,-1.310528039932251,0.0,0.0003,0.09973274171352386,0.9893476963043213,,,,,,,,,
0.11538461538461539,-21.185884252534418,15,0.0,7680,475,16,140,-0.00571584370918572,-2.816626238822937,0.30084175169467925,0.2,0.0131586045,0.6371647119522095,0.08671875,0.0003,0.13484439253807068,0.9898059964179993,,,,,,,,,
0.1111111111111111,-20.670545535811343,16,0.0,8192,507,16,150,0.0010619721608236433,-2.8174872398376465,189.275,0.2,0.0019367083,0.03998994827270508,0.00078125,0.0003,93.38819122314453,0.9901235103607178,,,,,,,,,
0.10344827586206896,-19.676333444586945,17,0.0,8704,538,16,160,-0.005063703935593367,-2.817302441596985,0.26045903116464614,0.2,0.009907931,-0.8903881311416626,0.044921875,0.0003,0.11350496113300323,0.9895284175872803,,,,,,,,,
0.0967741935483871,-18.788851046672598,18,0.0,9216,570,16,170,-0.0008222052594646812,-2.8160604000091554,0.22002822011709214,0.2,0.001244522,0.39739060401916504,0.0,0.0003,0.08422967046499252,0.9890623092651367,,,,,,,,,
0.09090909090909091,-17.9286330300556,19,0.0,9728,601,16,180,-0.0008941229898482561,-2.815144896507263,0.22223215103149413,0.2,0.002935198,-0.3498706817626953,0.00390625,0.0003,0.08266995847225189,0.988544225692749,,,,,,,,,
0.11428571428571428,-20.752332286732283,20,0.0,10240,718,14,190,-0.0033733916003257035,-2.8136774063110352,0.10645567700266838,0.2,0.020424848,-0.02968144416809082,0.169140625,0.0003,0.048081859946250916,0.987640380859375,111.65668189969406,0.8,-0.4453485972085375,853.2715635840492,257.4,0.0,-0.4891645662434598,0.13829421592724608,0.0
0.10810810810810811,-19.913939174427004,21,0.0,10752,748,14,200,0.0012929376680403948,-2.812057876586914,227.69483795166016,0.2,0.0015739774,0.010987579822540283,0.0005859375,0.0003,112.69488525390625,0.9871396422386169,,,,,,,,,
0.10526315789473684,-20.49121641036026,22,0.0,11264,779,14,210,-0.0008373337332159281,-2.8111613988876343,5.020735597610473,0.2,0.00015180756,0.19685494899749756,0.0,0.0003,2.2962732315063477,0.986579179763794,,,,,,,,,
0.1,-19.974664225055292,23,0.0,11776,810,14,220,-0.003080756077542901,-2.8099250555038453,3.0118829250335692,0.2,0.0037426339,0.20793449878692627,0.005859375,0.0003,1.4616113901138306,0.9860800504684448,,,,,,,,,
0.0975609756097561,-19.636836553580014,24,0.0,12288,841,14,230,-0.003231581300497055,-2.8088823795318603,0.3530032128095627,0.2,0.012850802,0.28066712617874146,0.0650390625,0.0003,0.14700281620025635,0.9853521585464478,,,,,,,,,
0.09302325581395349,-18.942952477793526,25,0.0,12800,873,14,240,-0.0029192740097641946,-2.8068410634994505,0.16914922446012498,0.2,0.0077523002,0.6311320066452026,0.0232421875,0.0003,0.061077676713466644,0.9841153621673584,,,,,,,,,
0.08888888888888889,-18.29181248385327,26,0.0,13312,904,14,250,-0.007538044871762395,-2.804245448112488,0.12295311018824577,0.2,0.016916739,-0.04745686054229736,0.0861328125,0.0003,0.03974886238574982,0.9827063083648682,,,,,,,,,
0.0851063829787234,-17.67330835518015,27,0.0,13824,935,14,260,-0.004741958761587739,-2.7999812602996825,0.10773746073246002,0.2,0.00673988,0.11881262063980103,0.0193359375,0.0003,0.03469488024711609,0.9797852039337158,,,,,,,,,
0.08333333333333333,-17.507167269570374,28,0.0,14336,967,14,270,-0.0034977639093995093,-2.7947324991226195,0.07201233543455601,0.2,0.010941866,0.5653949975967407,0.0828125,0.0003,0.0217802282422781,0.9781773686408997,,,,,,,,,
0.08,-17.00525020404087,29,0.0,14848,998,14,280,-0.003970534401014447,-2.7918584823608397,0.30385690927505493,0.2,0.010633541,0.4008318781852722,0.0369140625,0.0003,0.14261659979820251,0.9767494201660156,,,,,,,,,
0.07692307692307693,-16.519018095632976,30,0.0,15360,1029,14,290,-0.00536166038364172,-2.7883233785629273,0.062146374955773354,0.2,0.014800637,0.2914888858795166,0.1138671875,0.0003,0.02335291914641857,0.9743360280990601,,,,,,,,,
0.07407407407407407,-16.0884999479079,31,0.0,15872,1062,14,300,-0.004472622461616993,-2.7837439298629763,0.05680100619792938,0.2,0.007251706,0.1262691617012024,0.06484375,0.0003,0.017864566296339035,0.9728569984436035,,,,,,,,,
0.07142857142857142,-15.598286400963712,32,0.0,16384,1093,14,310,-0.004181864066049456,-2.7814918518066407,0.06178174950182438,0.2,0.013751885,0.060114383697509766,0.0484375,0.0003,0.020963914692401886,0.972089409828186,,,,,,,,,
0.07017543859649122,-15.38567242654157,33,0.0,16896,1125,15,320,-0.0008542810101062059,-2.7809585332870483,0.04096037670969963,0.2,0.0039642677,0.616098165512085,0.0037109375,0.0003,0.015421804040670395,0.9728101491928101,,,,,,,,,
0.06779661016949153,-15.009503878459949,34,0.0,17408,1156,15,330,-0.005423455778509378,-2.781852865219116,0.011436648666858673,0.2,0.013096344,0.6765568852424622,0.0828125,0.0003,-0.0005874279886484146,0.971518337726593,,,,,,,,,
0.06557377049180328,-14.665331326731375,35,0.0,17920,1188,15,340,-0.003888499760068953,-2.7778958320617675,0.03233283646404743,0.2,0.010722902,0.5226055383682251,0.0919921875,0.0003,0.009639677591621876,0.9707085490226746,,,,,,,,,
0.06349206349206349,-14.274322304658996,36,0.0,18432,1219,15,350,-0.001009834068827331,-2.7785763502120973,0.020354777202010156,0.2,0.0015161746,0.5246816873550415,0.001171875,0.0003,0.005737045779824257,0.971701979637146,,,,,,,,,
0.06153846153846154,-13.89147470043,37,0.0,18944,1250,15,360,-0.0047561019891873,-2.7796767473220827,0.027806477062404154,0.2,0.0141030885,0.6105127334594727,0.0560546875,0.0003,0.005181604065001011,0.9712430834770203,,,,,,,,,
0.05970149253731343,-13.587418974575396,38,0.0,19456,1281,15,370,-0.0026870797853916885,-2.7775965452194216,0.024039506167173385,0.2,0.0060084886,0.7802813053131104,0.0552734375,0.0003,0.005664163269102573,0.970024049282074,,,,,,,,,
0.057971014492753624,-13.254113207983849,39,0.0,19968,1311,15,380,-0.0022395335137844084,-2.7748788595199585,0.025126081332564353,0.2,0.006573339,0.24643146991729736,0.0333984375,0.0003,0.007114719599485397,0.9689546823501587,,,,,,,,,
0.056338028169014086,-12.966964665071787,40,0.0,20480,1412,14,390,-0.002943865396082401,-2.7720845699310304,0.011977784894406795,0.2,0.014945042,0.6942545175552368,0.1013671875,0.0003,0.002086192835122347,0.9672653675079346,92.5087141160715,0.8,-24.881342111856746,757.3032667384729,223.8,0.0,-1.739161635027133,47.07333236145737,0.2
0.05555555555555555,-12.807400030510248,41,0.0,20992,1443,14,400,-0.003002755204215646,-2.767198371887207,0.01852449607104063,0.2,0.00542738,0.4819185733795166,0.0158203125,0.0003,0.0022687893360853195,0.9639984369277954,,,,,,,,,
0.05405405405405406,-12.608122188032068,42,0.0,21504,1475,14,410,-0.004011929174885154,-2.7611691474914553,0.012216942943632602,0.2,0.014855278,0.7750069499015808,0.1171875,0.0003,0.0007754741236567497,0.9626073837280273,,,,,,,,,
0.05333333333333334,-12.493768175497875,43,0.0,22016,1506,14,420,-0.0020965682342648506,-2.7602356910705566,0.43343777060508726,0.2,0.0063285,0.4798474907875061,0.0310546875,0.0003,0.19639767706394196,0.9627692699432373,,,,,,,,,
0.05194805194805195,-12.285495065424467,44,0.0,22528,1537,14,430,-0.0006963972002267838,-2.7610981464385986,0.026359811797738074,0.2,0.0050244145,0.387767493724823,0.026953125,0.0003,0.00898894015699625,0.9630756378173828,,,,,,,,,
0.05063291139240506,-12.052784116715305,45,0.0,23040,1568,14,440,-0.004263021564111113,-2.7606519937515257,0.02795898411422968,0.2,0.010221774,0.1094440221786499,0.0353515625,0.0003,0.004663181956857443,0.9623834490776062,,,,,,,,,
0.05,-11.956668840883491,46,0.0,23552,1600,14,450,-0.006257757032290101,-2.758838653564453,0.014802415668964387,0.2,0.018479187,0.7392633557319641,0.1169921875,0.0003,-0.00046681705862283707,0.9617869853973389,,,,,,,,,
0.04878048780487805,-11.714858976988088,47,0.0,24064,1632,14,460,-0.0021411530207842587,-2.7569651365280152,0.00568405669182539,0.2,0.0065820133,0.6040540337562561,0.0126953125,0.0003,-0.0017249397933483124,0.9598401188850403,,,,,,,,,
0.047619047619047616,-11.525320948437885,48,0.0,24576,1662,14,470,-0.006918938318267465,-2.7520166635513306,0.02272796779870987,0.2,0.019138556,0.727162778377533,0.1033203125,0.0003,0.0014230981469154358,0.9577624797821045,,,,,,,,,
0.046511627906976744,-11.2982299543938,49,0.0,25088,1693,14,480,-0.004398090485483408,-2.748843622207642,0.014462788868695498,0.2,0.014755499,0.6274855136871338,0.0865234375,0.0003,0.0006013317033648491,0.9570904970169067,,,,,,,,,
0.04597701149425287,-11.178734603258606,50,0.0,25600,1724,14,490,-0.0025529484264552593,-2.7473626375198363,0.01504741320386529,0.2,0.0053950804,0.7744432687759399,0.0484375,0.0003,0.0022584283724427223,0.956057071685791,,,,,,,,,
0.0449438202247191,-10.971063198670896,51,0.0,26112,1756,14,500,-0.007025821693241596,-2.744604802131653,0.009781557321548461,0.2,0.018203389,0.8452763557434082,0.084765625,0.0003,-0.005690446123480797,0.9548200368881226,,,,,,,,,
0.04395604395604396,-10.7498104277974,52,0.0,26624,1788,14,510,-0.003851172514259815,-2.7419357299804688,0.015057549998164176,0.2,0.009687852,0.8422365188598633,0.0685546875,0.0003,0.0011893827468156815,0.9532619118690491,,,,,,,,,
0.043478260869565216,-10.65987125834173,53,0.0,27136,1819,14,520,-0.0029831814579665663,-2.7384004831314086,0.011482363846153022,0.2,0.010482589,0.7839589715003967,0.0697265625,0.0003,0.00027726683765649796,0.9518526792526245,,,,,,,,,
0.0425531914893617,-10.457988343298297,54,0.0,27648,1851,14,530,-0.002196372766047716,-2.73584361076355,0.007405980443581939,0.2,0.0030999635,0.9044531583786011,0.006640625,0.0003,-0.00230207946151495,0.9509419202804565,,,,,,,,,
0.041666666666666664,-10.277580133445255,55,0.0,28160,1882,14,540,-0.0018877170979976654,-2.732673168182373,0.006472680531442165,0.2,0.0050758584,0.9246286153793335,0.014453125,0.0003,-0.000978030264377594,0.94854736328125,,,,,,,,,
0.04081632653061224,-10.124327438247812,56,0.0,28672,1913,14,550,-0.005545027321204543,-2.7267439126968385,0.011233532056212425,0.2,0.013825757,0.8133618235588074,0.072265625,0.0003,-0.0028950399719178677,0.9458110928535461,,,,,,,,,
0.04,-9.93589452157872,57,0.0,29184,1945,15,560,-0.004369631502777338,-2.721659016609192,0.014672856219112873,0.2,0.01002856,0.5641471743583679,0.0529296875,0.0003,-0.0016349172219634056,0.9438676834106445,,,,,,,,,
0.04,-9.863771169780318,58,0.0,29696,1976,15,570,-0.002452895510941744,-2.7168715953826905,0.012034805770963431,0.2,0.0058297887,0.7905042171478271,0.016015625,0.0003,-0.000715932808816433,0.9415574073791504,,,,,,,,,
0.03,-8.719652632151268,59,0.0,30208,2081,14,580,-0.002852425863966346,-2.7115571022033693,0.008028255170211196,0.2,0.009156819,0.8833975195884705,0.0388671875,0.0003,-0.003404781688004732,0.9391846656799316,88.44992449410401,0.8,-25.257619194895064,707.5085367035773,252.2,0.0,-0.4592163550655667,48.04694006550371,0.2
0.03,-8.603096921277325,60,0.0,30720,2110,14,590,-0.00305236978456378,-2.7068570375442507,0.010433543100953102,0.2,0.01101102,0.7683628797531128,0.0671875,0.0003,0.0009177625179290771,0.9375514984130859,,,,,,,,,
0.03,-8.483282326267343,61,0.0,31232,2140,14,600,-0.007850267458707094,-2.7033236265182494,0.006677477248013019,0.2,0.018975,0.8845658302307129,0.105078125,0.0003,-0.006797265727072954,0.9357184171676636,,,,,,,,,
0.03,-8.408918285452819,62,0.0,31744,2170,14,610,-0.0005724961869418621,-2.699732780456543,0.002517348690889776,0.2,0.004734866,0.8882355093955994,0.025,0.0003,5.074718501418829e-05,0.9345386624336243,,,,,,,,,
0.03,-8.300962814440311,63,0.0,32256,2199,14,620,-0.007075634412467479,-2.6978615283966065,0.0029858679976314307,0.2,0.019269988,0.9130932092666626,0.15859375,0.0003,-0.00729986559599638,0.9340331554412842,,,,,,,,,
0.03,-8.275258365930927,64,0.0,32768,2231,14,630,-0.0023107842076569795,-2.697126269340515,0.004995087115094066,0.2,0.007718336,0.828525722026825,0.0765625,0.0003,-0.001334780128672719,0.933761715888977,,,,,,,,,
0.03,-8.154112823964496,65,0.0,33280,2264,14,640,-0.001960731064900756,-2.6952184438705444,0.011737029068171978,0.2,0.008822428,-0.1728130578994751,0.02734375,0.0003,0.001558300107717514,0.9316929578781128,,,,,,,,,
0.02,-6.8766313720893315,66,0.0,33792,2294,14,650,-0.004451388726010919,-2.6903672933578493,0.0027647212380543353,0.2,0.010053419,0.9129557609558105,0.0720703125,0.0003,-0.004859990440309048,0.9300121068954468,,,,,,,,,
0.02,-6.899119324070466,67,0.0,34304,2324,14,660,-0.0046853934647515414,-2.6880203008651735,1.694820487499237,0.2,0.013866366,0.04825466871261597,0.0693359375,0.0003,0.7205881476402283,0.9296916723251343,,,,,,,,,
0.02,-6.409323771360903,68,0.0,34816,2355,14,670,-0.006878327718004585,-2.6876623153686525,0.04517327472567558,0.2,0.015017604,0.4156317710876465,0.0689453125,0.0003,0.014371659606695175,0.9294654130935669,,,,,,,,,
0.02,-6.335197287277359,69,0.0,35328,2386,14,680,-0.004311514925211668,-2.6871344327926634,0.02950535761192441,0.2,0.010007187,-0.9309104681015015,0.06953125,0.0003,0.0001609758473932743,0.9297348260879517,,,,,,,,,
0.02,-6.237020650683022,70,0.0,35840,2418,14,690,-0.0026599505450576543,-2.6875537872314452,0.010240973066538572,0.2,0.01184666,0.46796828508377075,0.0861328125,0.0003,0.0010719294659793377,0.929261326789856,,,,,,,,,
0.02,-6.2178140281959555,71,0.0,36352,2449,14,700,-0.002113771112635732,-2.685452628135681,0.01179066076874733,0.2,0.0031236252,0.8167150020599365,0.0470703125,0.0003,0.0014733667485415936,0.9276694655418396,,,,,,,,,
0.01,-5.024698632977314,72,0.0,36864,2480,14,710,-0.0037452887743711473,-2.680575442314148,0.010659623332321644,0.2,0.00547893,0.42355942726135254,0.0205078125,0.0003,-0.003111797384917736,0.9247931241989136,,,,,,,,,
0.01,-4.955662441389054,73,0.0,37376,2508,14,720,-0.005521238781511784,-2.6752367973327638,0.006001525139436126,0.2,0.012787256,0.6991148591041565,0.0814453125,0.0003,-0.007714919745922089,0.9237792491912842,,,,,,,,,
0.01,-4.902297643271869,74,0.0,37888,2538,14,730,-0.0004232344217598438,-2.674584412574768,0.013754391763359308,0.2,0.005243457,0.6282616853713989,0.0091796875,0.0003,0.0035294736735522747,0.9234075546264648,,,,,,,,,
0.01,-4.753161518533771,75,0.0,38400,2569,14,740,-0.0033812067471444608,-2.6733922243118284,0.006551324459724128,0.2,0.011365262,0.6657965779304504,0.0693359375,0.0003,-0.0021182135678827763,0.9228141903877258,,,,,,,,,
0.01,-4.86272734639686,76,0.0,38912,2599,14,750,-0.0022274932824075224,-2.6716003894805906,0.012881308514624833,0.2,0.0085184695,0.7289893627166748,0.0361328125,0.0003,0.002279298845678568,0.9215942621231079,,,,,,,,,
0.0,-3.5709140383128344,77,0.0,39424,2627,15,760,-0.0015303806401789188,-2.6688141584396363,2.9153028964996337,0.2,0.0029097453,0.15508979558944702,0.001171875,0.0003,1.354401707649231,0.9209431409835815,,,,,,,,,
0.0,-3.5017496133256505,78,0.0,39936,2656,15,770,-0.004447800735943019,-2.6672385215759276,0.057585547864437106,0.2,0.013470989,0.20054388046264648,0.08671875,0.0003,0.0233105830848217,0.9195855259895325,,,,,,,,,
0.0,-3.0582877501369126,79,0.0,40448,2776,14,780,-0.0043195522855967285,-2.6642629384994505,0.03609614633023739,0.2,0.0151968,-0.38848018646240234,0.0810546875,0.0003,0.007285268511623144,0.918843150138855,93.14412491372494,0.6,-2.995338960571465,802.3522316665077,311.4,0.0,-0.5357369555440068,4.212634533858425,0.0
0.0,-2.9370618165100466,80,0.0,40960,2809,14,790,-0.0010249050101265311,-2.6622952699661253,0.5119163751602173,0.2,0.006369232,0.40270447731018066,0.01875,0.0003,0.24175496399402618,0.9172890186309814,,,,,,,,,
0.0,-2.9200220170883413,81,0.0,41472,2842,14,800,-0.002271488541737199,-2.659460663795471,0.045070265792310236,0.2,0.005957367,0.6274440288543701,0.0115234375,0.0003,0.008394508622586727,0.9173501133918762,,,,,,,,,
0.0,-2.900204282722898,82,0.0,41984,2873,14,810,-0.0039086809381842615,-2.660437059402466,0.02099377028644085,0.2,0.018092208,-3.039309024810791,0.116015625,0.0003,0.0052828723564744,0.9172393083572388,,,,,,,,,
0.0,-2.8840519168292262,83,0.0,42496,2905,14,820,-0.007072937488555908,-2.658830738067627,0.020820586942136288,0.2,0.01167412,-0.9563562870025635,0.067578125,0.0003,-0.002132616937160492,0.9157041907310486,,,,,,,,,
0.0,-3.0832671961176645,84,0.0,43008,2936,14,830,-0.001543866563588381,-2.6530563592910767,0.011773967929184437,0.2,0.0046127,-0.5982644557952881,0.012109375,0.0003,0.0014062398113310337,0.9115849137306213,,,,,,,,,
0.0,-3.0423772872528536,85,0.0,43520,2968,14,840,-0.0015043163672089576,-2.644632935523987,4.706083059310913,0.2,0.0059171766,-0.08140075206756592,0.0146484375,0.0003,2.1406631469726562,0.9088199138641357,,,,,,,,,
0.0,-2.9199936156781656,86,0.0,44032,3000,14,850,-0.0012265784665942193,-2.6410227060317992,0.02349210772663355,0.2,0.005333801,0.7962157130241394,0.0115234375,0.0003,0.009060150943696499,0.9081536531448364,,,,,,,,,
0.0,-2.8558282297812956,87,0.0,44544,3029,14,860,-0.0024299017153680325,-2.6407777309417724,0.06099304296076298,0.2,0.004400464,-1.6755261421203613,0.004296875,0.0003,0.01722721755504608,0.9090253114700317,,,,,,,,,
0.0,-2.8338731678589637,88,0.0,45056,3059,14,870,-0.00045234137214720247,-2.643498754501343,0.0903034821152687,0.2,0.0033687777,0.694061279296875,0.038671875,0.0003,0.03192301094532013,0.9102864861488342,,,,,,,,,
0.0,-2.784568080382526,89,0.0,45568,3088,14,880,-0.0015402344753965736,-2.6455347299575807,0.02718891464173794,0.2,0.006703622,-1.1925854682922363,0.0630859375,0.0003,0.004197557456791401,0.9108846783638,,,,,,,,,
0.0,-2.8073524173481945,90,0.0,46080,3118,14,890,-0.002506911428645253,-2.645892786979675,0.027145937830209733,0.2,0.008498302,0.31116360425949097,0.0228515625,0.0003,0.007391689345240593,0.9107151031494141,,,,,,,,,
0.0,-2.7933006879377085,91,0.0,46592,3148,14,900,-0.003136504162102938,-2.6455565214157106,0.015087499096989632,0.2,0.007483288,-0.1916424036026001,0.0671875,0.0003,-0.0002556676045060158,0.9106680154800415,,,,,,,,,
0.0,-2.784298327787707,92,0.0,47104,3178,14,910,-0.003722198586910963,-2.6448738813400268,0.008476704824715853,0.2,0.013961924,0.5646186470985413,0.0822265625,0.0003,-0.001749647781252861,0.9101314544677734,,,,,,,,,
0.0,-2.7043364284889915,93,0.0,47616,3209,14,920,-0.0025166966021060943,-2.6443241357803347,0.013412299659103155,0.2,0.007870933,0.1221725344657898,0.030859375,0.0003,0.0008170087821781635,0.9105247855186462,,,,,,,,,
0.0,-2.677521769648071,94,0.0,48128,3239,14,930,-0.005208571441471577,-2.6450345039367678,0.014409363269805908,0.2,0.0145618245,0.7976661920547485,0.0818359375,0.0003,-0.002036452293395996,0.9104493856430054,,,,,,,,,
0.0,-2.6706192225119416,95,0.0,48640,3270,14,940,-0.0020877874922007322,-2.6438595056533813,0.010504012741148473,0.2,0.005644502,0.8104933500289917,0.0208984375,0.0003,0.0012139445170760155,0.9097723960876465,,,,,,,,,
0.0,-2.661412216140911,96,0.0,49152,3302,14,950,-0.004486140469089151,-2.6422077417373657,0.006701972801238298,0.2,0.013761878,0.7997267246246338,0.081640625,0.0003,-0.003435353050008416,0.9089887142181396,,,,,,,,,
0.0,-2.6118191843335308,97,0.0,49664,3333,14,960,-0.004260759660974145,-2.6392202615737914,0.007317497301846743,0.2,0.010937327,0.7019311189651489,0.055859375,0.0003,-0.005252509843558073,0.9064140319824219,,,,,,,,,
0.0,-2.6102638102931777,98,0.0,50176,3455,14,970,-0.005421107588335872,-2.632976198196411,0.006387546472251415,0.2,0.013869268,0.8759135007858276,0.076953125,0.0003,-0.00489404983818531,0.9039777517318726,88.13496302430917,0.8,-1.2975442171587337,692.3132364679282,299.4,0.0,-0.27172090180540226,1.4629892729005192,0.0
